target.gene_info.symbol,target.id,association_score.overall,association_score.datatypes.genetic_association,association_score.datatypes.somatic_mutation,association_score.datatypes.known_drug,association_score.datatypes.affected_pathway,association_score.datatypes.rna_expression,association_score.datatypes.literature,association_score.datatypes.animal_model,target.gene_info.name
PTGS2,ENSG00000073756,1.0,0.0,0.0,1.0,0.0,0.0,0.05750477777777778,0.0,prostaglandin-endoperoxide synthase 2
EDNRA,ENSG00000151617,1.0,0.0,0.0,1.0,0.0,0.0,0.041863549489421115,0.0,endothelin receptor type A
PTGS1,ENSG00000095303,1.0,0.0,0.0,1.0,0.0,0.0,0.031125999999999997,0.0,prostaglandin-endoperoxide synthase 1
EDNRB,ENSG00000136160,1.0,0.0,0.0,1.0,0.0,0.0,0.024702467222222226,0.0,endothelin receptor type B
DNASE1L3,ENSG00000163687,0.970411237127778,0.970411237127778,0.0,0.0,0.0,0.0,0.0,0.0,deoxyribonuclease 1 like 3
IL6R,ENSG00000160712,0.8820290000000001,0.0,0.0,0.8750000000000001,0.0,0.0,0.028116,0.0,interleukin 6 receptor
STAT4,ENSG00000138378,0.8414684549375708,0.8265810206547164,0.0,0.0,0.0,0.0,0.05954973713141776,0.0,signal transducer and activator of transcription 4
PDGFRB,ENSG00000113721,0.7994591235296202,0.0,0.0,0.7887222222222223,0.0,0.0,0.04294760522959184,0.0,platelet derived growth factor receptor beta
PRIM1,ENSG00000198056,0.7673611111111112,0.0,0.0,0.7673611111111112,0.0,0.0,0.0,0.0,DNA primase subunit 1
POLE,ENSG00000177084,0.7673611111111112,0.0,0.0,0.7673611111111112,0.0,0.0,0.0,0.0,"DNA polymerase epsilon, catalytic subunit"
POLD4,ENSG00000175482,0.7673611111111112,0.0,0.0,0.7673611111111112,0.0,0.0,0.0,0.0,"DNA polymerase delta 4, accessory subunit"
RRM2,ENSG00000171848,0.7673611111111112,0.0,0.0,0.7673611111111112,0.0,0.0,0.0,0.0,ribonucleotide reductase regulatory subunit M2
RRM1,ENSG00000167325,0.7673611111111112,0.0,0.0,0.7673611111111112,0.0,0.0,0.0,0.0,ribonucleotide reductase catalytic subunit M1
POLE3,ENSG00000148229,0.7673611111111112,0.0,0.0,0.7673611111111112,0.0,0.0,0.0,0.0,"DNA polymerase epsilon 3, accessory subunit"
PRIM2,ENSG00000146143,0.7673611111111112,0.0,0.0,0.7673611111111112,0.0,0.0,0.0,0.0,DNA primase subunit 2
POLD2,ENSG00000106628,0.7673611111111112,0.0,0.0,0.7673611111111112,0.0,0.0,0.0,0.0,"DNA polymerase delta 2, accessory subunit"
POLA1,ENSG00000101868,0.7673611111111112,0.0,0.0,0.7673611111111112,0.0,0.0,0.0,0.0,"DNA polymerase alpha 1, catalytic subunit"
POLE2,ENSG00000100479,0.7673611111111112,0.0,0.0,0.7673611111111112,0.0,0.0,0.0,0.0,"DNA polymerase epsilon 2, accessory subunit"
POLD3,ENSG00000077514,0.7673611111111112,0.0,0.0,0.7673611111111112,0.0,0.0,0.0,0.0,"DNA polymerase delta 3, accessory subunit"
POLD1,ENSG00000062822,0.7673611111111112,0.0,0.0,0.7673611111111112,0.0,0.0,0.0,0.0,"DNA polymerase delta 1, catalytic subunit"
RRM2B,ENSG00000048392,0.7673611111111112,0.0,0.0,0.7673611111111112,0.0,0.0,0.0,0.0,ribonucleotide reductase regulatory TP53 inducible subunit M2B
POLA2,ENSG00000014138,0.7673611111111112,0.0,0.0,0.7673611111111112,0.0,0.0,0.0,0.0,"DNA polymerase alpha 2, accessory subunit"
CSF3R,ENSG00000119535,0.7611111111111112,0.0,0.0,0.7611111111111112,0.0,0.0,0.0,0.0,colony stimulating factor 3 receptor
PDE5A,ENSG00000138735,0.7549250000000001,0.0,0.0,0.7500000000000001,0.0,0.0,0.019700000000000002,0.0,phosphodiesterase 5A
NR3C1,ENSG00000113580,0.7536445000000002,0.0,0.0,0.7500000000000001,0.0,0.0,0.014577999999999999,0.0,nuclear receptor subfamily 3 group C member 1
PDGFRA,ENSG00000134853,0.7141218466666668,0.0,0.0,0.7000000000000001,0.0,0.0,0.05648738666666666,0.0,platelet derived growth factor receptor alpha
KDR,ENSG00000128052,0.7119705833333334,0.0,0.0,0.7000000000000001,0.0,0.0,0.04788233333333333,0.0,kinase insert domain receptor
FLT1,ENSG00000102755,0.7094383333333334,0.0,0.0,0.7000000000000001,0.0,0.0,0.03775333333333333,0.0,fms related tyrosine kinase 1
HMGCR,ENSG00000113161,0.7082025000000001,0.0,0.0,0.7000000000000001,0.0,0.0,0.032810000000000006,0.0,3-hydroxy-3-methylglutaryl-CoA reductase
HLA-DQB1,ENSG00000179344,0.7059586548306831,0.6951388888868055,0.0,0.0,0.0,0.0,0.043279063775510204,0.0,"major histocompatibility complex, class II, DQ beta 1"
FGFR1,ENSG00000077782,0.70147,0.0,0.0,0.7000000000000001,0.0,0.0,0.005880000000000001,0.0,fibroblast growth factor receptor 1
FGFR4,ENSG00000160867,0.7000000000000001,0.0,0.0,0.7000000000000001,0.0,0.0,0.0,0.0,fibroblast growth factor receptor 4
FGFR3,ENSG00000068078,0.7000000000000001,0.0,0.0,0.7000000000000001,0.0,0.0,0.0,0.0,fibroblast growth factor receptor 3
FGFR2,ENSG00000066468,0.7000000000000001,0.0,0.0,0.7000000000000001,0.0,0.0,0.0,0.0,fibroblast growth factor receptor 2
FLT4,ENSG00000037280,0.7000000000000001,0.0,0.0,0.7000000000000001,0.0,0.0,0.0,0.0,fms related tyrosine kinase 4
NOTCH4,ENSG00000204301,0.6576230000000001,0.65,0.0,0.0,0.0,0.0,0.030492,0.0,notch 4
HLA-DPA1,ENSG00000231389,0.65,0.65,0.0,0.0,0.0,0.0,0.0,0.0,"major histocompatibility complex, class II, DP alpha 1"
HLA-DRA,ENSG00000204287,0.65,0.65,0.0,0.0,0.0,0.0,0.0,0.0,"major histocompatibility complex, class II, DR alpha"
TNPO3,ENSG00000064419,0.611156103338139,0.6072161033381389,0.0,0.0,0.0,0.0,0.01576,0.0,transportin 3
GSDMA,ENSG00000167914,0.5644599936361111,0.5558449936361111,0.0,0.0,0.0,0.0,0.034460000000000005,0.0,gasdermin A
FCGR3A,ENSG00000203747,0.5387527948916666,0.5338826698916667,0.0,0.0,0.0,0.0,0.0194805,0.0,Fc fragment of IgG receptor IIIa
IRF8,ENSG00000140968,0.5276659505083333,0.5137889505083333,0.0,0.0,0.0,0.0,0.055508,0.0,interferon regulatory factor 8
ATG5,ENSG00000057663,0.5062122610555556,0.5062122610555556,0.0,0.0,0.0,0.0,0.0,0.0,autophagy related 5
IL12A,ENSG00000168811,0.4948514485722222,0.4948514485722222,0.0,0.0,0.0,0.0,0.0,0.0,interleukin 12A
CD247,ENSG00000198821,0.4867646132534722,0.47505889103125,0.0,0.0,0.0,0.0,0.04682288888888889,0.0,CD247 molecule
TNIP1,ENSG00000145901,0.4796848595416667,0.46864028593055557,0.0,0.0,0.0,0.0,0.04417829444444444,0.0,TNFAIP3 interacting protein 1
PXK,ENSG00000168297,0.4713782005,0.4685362005,0.0,0.0,0.0,0.0,0.011368,0.0,PX domain containing serine/threonine kinase like
ITGAM,ENSG00000169896,0.44198358330000004,0.4333333333,0.0,0.0,0.0,0.0,0.034601,0.0,integrin subunit alpha M
TNFAIP3,ENSG00000118503,0.41853752574444447,0.4064426396333334,0.0,0.0,0.0,0.0,0.04837954444444445,0.0,TNF alpha induced protein 3
BLK,ENSG00000136573,0.4182229255256236,0.4059914123,0.0,0.0,0.0,0.0,0.04892605290249433,0.0,"BLK proto-oncogene, Src family tyrosine kinase"
TMEM175,ENSG00000127419,0.36095936092500003,0.36095936092500003,0.0,0.0,0.0,0.0,0.0,0.0,transmembrane protein 175
SOX5,ENSG00000134532,0.36076115825,0.36076115825,0.0,0.0,0.0,0.0,0.0,0.0,SRY-box 5
ATP8B4,ENSG00000104043,0.3220887113111111,0.3126186002,0.0,0.0,0.0,0.0,0.037880444444444446,0.0,ATPase phospholipid transporting 8B4 (putative)
ZC3H10,ENSG00000135482,0.3129467792,0.3129467792,0.0,0.0,0.0,0.0,0.0,0.0,zinc finger CCCH-type containing 10
PTGIR,ENSG00000160013,0.28884999999999994,0.0,0.0,0.28524999999999995,0.0,0.0,0.014400000000000001,0.0,prostaglandin I2 receptor
ABL1,ENSG00000097007,0.2887222222222222,0.0,0.0,0.2887222222222222,0.0,0.0,0.0,0.0,"ABL proto-oncogene 1, non-receptor tyrosine kinase"
ANKS1A,ENSG00000064999,0.282658079,0.282658079,0.0,0.0,0.0,0.0,0.0,0.0,ankyrin repeat and sterile alpha motif domain containing 1A
KIT,ENSG00000157404,0.28225322222222216,0.0,0.0,0.2784722222222222,0.0,0.0,0.015123999999999999,0.0,KIT proto-oncogene receptor tyrosine kinase
MS4A1,ENSG00000156738,0.2793186472222222,0.0,0.0,0.2722222222222222,0.0,0.0,0.028385700000000003,0.0,membrane spanning 4-domains A1
IL12RB2,ENSG00000081985,0.269,0.26,0.0,0.0,0.0,0.0,0.036000000000000004,0.0,interleukin 12 receptor subunit beta 2
FKBP1A,ENSG00000088832,0.2673611111111111,0.0,0.0,0.2673611111111111,0.0,0.0,0.0,0.0,FK506 binding protein 1A
IMPDH2,ENSG00000178035,0.2611111111111111,0.0,0.0,0.2611111111111111,0.0,0.0,0.0,0.0,inosine monophosphate dehydrogenase 2
IMPDH1,ENSG00000106348,0.2611111111111111,0.0,0.0,0.2611111111111111,0.0,0.0,0.0,0.0,inosine monophosphate dehydrogenase 1
GRB10,ENSG00000106070,0.26002573665,0.26002573665,0.0,0.0,0.0,0.0,0.0,0.0,growth factor receptor bound protein 10
IKZF2,ENSG00000030419,0.26,0.26,0.0,0.0,0.0,0.0,0.0,0.0,IKAROS family zinc finger 2
TLR10,ENSG00000174123,0.2579516107,0.2579516107,0.0,0.0,0.0,0.0,0.0,0.0,toll like receptor 10
C15orf39,ENSG00000167173,0.2507626248,0.2507626248,0.0,0.0,0.0,0.0,0.0,0.0,chromosome 15 open reading frame 39
CR2,ENSG00000117322,0.2469553669,0.2469553669,0.0,0.0,0.0,0.0,0.0,0.0,complement C3d receptor 2
DGKQ,ENSG00000145214,0.2417693042,0.2417693042,0.0,0.0,0.0,0.0,0.0,0.0,diacylglycerol kinase theta
DDX6,ENSG00000110367,0.2393247456,0.2393247456,0.0,0.0,0.0,0.0,0.0,0.0,DEAD-box helicase 6
ZNF335,ENSG00000198026,0.2333333333,0.2333333333,0.0,0.0,0.0,0.0,0.0,0.0,zinc finger protein 335
TNFSF4,ENSG00000117586,0.23048617922222225,0.21326466700000002,0.0,0.0,0.0,0.0,0.0688860488888889,0.0,TNF superfamily member 4
LAMC2,ENSG00000058085,0.22981316205000002,0.22981316205000002,0.0,0.0,0.0,0.0,0.0,0.0,laminin subunit gamma 2
METTL22,ENSG00000067365,0.2261901741,0.2261901741,0.0,0.0,0.0,0.0,0.0,0.0,methyltransferase like 22
DDB1,ENSG00000167986,0.225,0.0,0.0,0.225,0.0,0.0,0.0,0.0,damage specific DNA binding protein 1
CUL4A,ENSG00000139842,0.225,0.0,0.0,0.225,0.0,0.0,0.0,0.0,cullin 4A
CRBN,ENSG00000113851,0.225,0.0,0.0,0.225,0.0,0.0,0.0,0.0,cereblon
RBX1,ENSG00000100387,0.225,0.0,0.0,0.225,0.0,0.0,0.0,0.0,ring-box 1
IKZF3,ENSG00000161405,0.2233790849,0.2233790849,0.0,0.0,0.0,0.0,0.0,0.0,IKAROS family zinc finger 3
PHRF1,ENSG00000070047,0.2208661006,0.2208661006,0.0,0.0,0.0,0.0,0.0,0.0,PHD and ring finger domains 1
IL13,ENSG00000169194,0.22038728750832667,0.0,0.0,0.2,0.0,0.0,0.08154915003330669,0.0,interleukin 13
IRF4,ENSG00000137265,0.2187380166916667,0.21157740952500004,0.0,0.0,0.0,0.0,0.028655999999999997,0.0,interferon regulatory factor 4
CXCR4,ENSG00000121966,0.21865842861111112,0.0,0.0,0.2,0.0,0.0,0.07463371444444444,0.0,C-X-C motif chemokine receptor 4
TNFSF13B,ENSG00000102524,0.21822298730095743,0.0,0.0,0.2,0.0,0.0,0.07289194920382969,0.0,TNF superfamily member 13b
CAMKK1,ENSG00000004660,0.215384,0.215384,0.0,0.0,0.0,0.0,0.0,0.0,calcium/calmodulin dependent protein kinase kinase 1
MBD4,ENSG00000129071,0.2135071285,0.2135071285,0.0,0.0,0.0,0.0,0.0,0.0,"methyl-CpG binding domain 4, DNA glycosylase"
GTF2H5,ENSG00000272047,0.2120411998,0.2120411998,0.0,0.0,0.0,0.0,0.0,0.0,general transcription factor IIH subunit 5
VAMP2,ENSG00000220205,0.2,0.0,0.0,0.2,0.0,0.0,0.0,0.0,vesicle associated membrane protein 2
GUCY1A1,ENSG00000164116,0.2,0.0,0.0,0.2,0.0,0.0,0.0,0.0,guanylate cyclase 1 soluble subunit alpha 1
GUCY1A2,ENSG00000152402,0.2,0.0,0.0,0.2,0.0,0.0,0.0,0.0,guanylate cyclase 1 soluble subunit alpha 2
GUCY1B2,ENSG00000123201,0.2,0.0,0.0,0.2,0.0,0.0,0.0,0.0,guanylate cyclase 1 soluble subunit beta 2 (pseudogene)
GUCY1B1,ENSG00000061918,0.2,0.0,0.0,0.2,0.0,0.0,0.0,0.0,guanylate cyclase 1 soluble subunit beta 1
RHOB,ENSG00000143878,0.19441645820000003,0.18409595820000002,0.0,0.0,0.0,0.0,0.04128199999999999,0.0,ras homolog family member B
CEP126,ENSG00000110318,0.1799313336,0.1799313336,0.0,0.0,0.0,0.0,0.0,0.0,centrosomal protein 126
TTC8,ENSG00000165533,0.168221634,0.168221634,0.0,0.0,0.0,0.0,0.0,0.0,tetratricopeptide repeat domain 8
P2RX7,ENSG00000089041,0.129626,0.0,0.0,0.0,0.0,0.0,0.129626,0.0,purinergic receptor P2X 7
FBN1,ENSG00000166147,0.11838820119853061,0.0,0.0,0.0,0.0,0.0,0.11838820119853061,0.0,fibrillin 1
IL15,ENSG00000164136,0.11825322222222223,0.0,0.0,0.0,0.0,0.0,0.11825322222222223,0.0,interleukin 15
JAK2,ENSG00000096968,0.11152425,0.0,0.0,0.1,0.0,0.0,0.04609699999999999,0.0,Janus kinase 2
TYK2,ENSG00000105397,0.1074625,0.0,0.0,0.1,0.0,0.0,0.02985,0.0,tyrosine kinase 2
IL6,ENSG00000136244,0.10303093407610771,0.0,0.0,0.0,0.0,0.0,0.10303093407610771,0.0,interleukin 6
DHFR,ENSG00000228716,0.1,0.0,0.0,0.1,0.0,0.0,0.0,0.0,dihydrofolate reductase
JAK1,ENSG00000162434,0.1,0.0,0.0,0.1,0.0,0.0,0.0,0.0,Janus kinase 1
ALDH5A1,ENSG00000112294,0.1,0.0,0.0,0.1,0.0,0.0,0.0,0.0,aldehyde dehydrogenase 5 family member A1
JAK3,ENSG00000105639,0.1,0.0,0.0,0.1,0.0,0.0,0.0,0.0,Janus kinase 3
HTR1A,ENSG00000178394,0.098475,0.0,0.0,0.09,0.0,0.0,0.0339,0.0,5-hydroxytryptamine receptor 1A
KL,ENSG00000133116,0.09452888888888887,0.0,0.0,0.0,0.0,0.0,0.09452888888888887,0.0,klotho
CCN2,ENSG00000118523,0.09281134466967489,0.0,0.0,0.0,0.0,0.0,0.09281134466967489,0.0,cellular communication network factor 2
CCL2,ENSG00000108691,0.08972899414780709,0.0,0.0,0.0,0.0,0.0,0.08972899414780709,0.0,C-C motif chemokine ligand 2
MMP1,ENSG00000196611,0.08768701565668792,0.0,0.0,0.0,0.0,0.0,0.08768701565668792,0.0,matrix metallopeptidase 1
PF4,ENSG00000163737,0.08735764261148905,0.0,0.0,0.0,0.0,0.0,0.08735764261148905,0.0,platelet factor 4
CD19,ENSG00000177455,0.08554536101176224,0.0,0.0,0.0,0.0,0.0,0.08554536101176224,0.0,CD19 molecule
MSC,ENSG00000178860,0.08391803333333332,0.0,0.0,0.0,0.0,0.0,0.08391803333333332,0.0,musculin
TIMP1,ENSG00000102265,0.0829054492494651,0.0,0.0,0.0,0.0,0.0,0.0829054492494651,0.0,TIMP metallopeptidase inhibitor 1
MMP9,ENSG00000100985,0.08165938726473923,0.0,0.0,0.0,0.0,0.0,0.08165938726473923,0.0,matrix metallopeptidase 9
VEGFA,ENSG00000112715,0.08150513767789881,0.0,0.0,0.0,0.0,0.0,0.08150513767789881,0.0,vascular endothelial growth factor A
THBS1,ENSG00000137801,0.0813141111111111,0.0,0.0,0.0,0.0,0.0,0.0813141111111111,0.0,thrombospondin 1
ICAM1,ENSG00000090339,0.0807947564746617,0.0,0.0,0.0,0.0,0.0,0.0807947564746617,0.0,intercellular adhesion molecule 1
CD109,ENSG00000156535,0.078804,0.0,0.0,0.0,0.0,0.0,0.078804,0.0,CD109 molecule
CX3CL1,ENSG00000006210,0.07796270833333334,0.0,0.0,0.0,0.0,0.0,0.07796270833333334,0.0,C-X3-C motif chemokine ligand 1
CTLA4,ENSG00000163599,0.07224908847222222,0.0,0.0,0.0,0.0,0.0,0.07224908847222222,0.0,cytotoxic T-lymphocyte associated protein 4
CXCL8,ENSG00000169429,0.0707633766306195,0.0,0.0,0.0,0.0,0.0,0.0707633766306195,0.0,C-X-C motif chemokine ligand 8
SELE,ENSG00000007908,0.07068110343677986,0.0,0.0,0.0,0.0,0.0,0.07068110343677986,0.0,selectin E
SERPINF1,ENSG00000132386,0.070132,0.0,0.0,0.0,0.0,0.0,0.070132,0.0,serpin family F member 1
EGFL7,ENSG00000172889,0.070048,0.0,0.0,0.0,0.0,0.0,0.070048,0.0,EGF like domain multiple 7
CD34,ENSG00000174059,0.06969386448598801,0.0,0.0,0.0,0.0,0.0,0.06969386448598801,0.0,CD34 molecule
CXCR3,ENSG00000186810,0.06922616272959184,0.0,0.0,0.0,0.0,0.0,0.06922616272959184,0.0,C-X-C motif chemokine receptor 3
CAV1,ENSG00000105974,0.06922384227261276,0.0,0.0,0.0,0.0,0.0,0.06922384227261276,0.0,caveolin 1
BTG3,ENSG00000154640,0.06798570484321179,0.0,0.0,0.0,0.0,0.0,0.06798570484321179,0.0,BTG anti-proliferation factor 3
IL17A,ENSG00000112115,0.06687920463300709,0.0,0.0,0.0,0.0,0.0,0.06687920463300709,0.0,interleukin 17A
PTPRC,ENSG00000081237,0.06626806,0.0,0.0,0.0,0.0,0.0,0.06626806,0.0,"protein tyrosine phosphatase, receptor type C"
MFAP2,ENSG00000117122,0.06513000000000001,0.0,0.0,0.0,0.0,0.0,0.06513000000000001,0.0,microfibril associated protein 2
PPARG,ENSG00000132170,0.06500737416099774,0.0,0.0,0.0,0.0,0.0,0.06500737416099774,0.0,peroxisome proliferator activated receptor gamma
AIF1,ENSG00000204472,0.06465506352544724,0.0,0.0,0.0,0.0,0.0,0.06465506352544724,0.0,allograft inflammatory factor 1
GEM,ENSG00000164949,0.06420733333333334,0.0,0.0,0.0,0.0,0.0,0.06420733333333334,0.0,GTP binding protein overexpressed in skeletal muscle
LEP,ENSG00000174697,0.0638514873809524,0.0,0.0,0.0,0.0,0.0,0.0638514873809524,0.0,leptin
CXCL9,ENSG00000138755,0.06372177777777778,0.0,0.0,0.0,0.0,0.0,0.06372177777777778,0.0,C-X-C motif chemokine ligand 9
IFNG,ENSG00000111537,0.06336180450694497,0.0,0.0,0.0,0.0,0.0,0.06336180450694497,0.0,interferon gamma
TGFB1,ENSG00000105329,0.06319968415223877,0.0,0.0,0.0,0.0,0.0,0.06319968415223877,0.0,transforming growth factor beta 1
HAVCR1,ENSG00000113249,0.062856,0.0,0.0,0.0,0.0,0.0,0.062856,0.0,hepatitis A virus cellular receptor 1
COMP,ENSG00000105664,0.06275355555555555,0.0,0.0,0.0,0.0,0.0,0.06275355555555555,0.0,cartilage oligomeric matrix protein
RNPC3,ENSG00000185946,0.06143339777893505,0.0,0.0,0.0,0.0,0.0,0.06143339777893505,0.0,"RNA binding region (RNP1, RRM) containing 3"
EDN1,ENSG00000078401,0.06135672533845074,0.0,0.0,0.0,0.0,0.0,0.06135672533845074,0.0,endothelin 1
TNF,ENSG00000232810,0.06130314235588617,0.0,0.0,0.0,0.0,0.0,0.06130314235588617,0.0,tumor necrosis factor
VWF,ENSG00000110799,0.06097450826409352,0.0,0.0,0.0,0.0,0.0,0.06097450826409352,0.0,von Willebrand factor
CD22,ENSG00000012124,0.06035296666666666,0.0,0.0,0.0,0.0,0.0,0.06035296666666666,0.0,CD22 molecule
PTPN22,ENSG00000134242,0.06010594360580451,0.0,0.0,0.0,0.0,0.0,0.06010594360580451,0.0,"protein tyrosine phosphatase, non-receptor type 22"
MUC1,ENSG00000185499,0.05983510719408454,0.0,0.0,0.0,0.0,0.0,0.05983510719408454,0.0,"mucin 1, cell surface associated"
IL1A,ENSG00000115008,0.059600525089314585,0.0,0.0,0.0,0.0,0.0,0.059600525089314585,0.0,interleukin 1 alpha
IL4,ENSG00000113520,0.059105052504040294,0.0,0.0,0.0,0.0,0.0,0.059105052504040294,0.0,interleukin 4
EPHB2,ENSG00000133216,0.059034386111111115,0.0,0.0,0.0,0.0,0.0,0.059034386111111115,0.0,EPH receptor B2
IL2,ENSG00000109471,0.05799572502718947,0.0,0.0,0.0,0.0,0.0,0.05799572502718947,0.0,interleukin 2
CENPB,ENSG00000125817,0.05713696132555786,0.0,0.0,0.0,0.0,0.0,0.05713696132555786,0.0,centromere protein B
CENPA,ENSG00000115163,0.05708043535831354,0.0,0.0,0.0,0.0,0.0,0.05708043535831354,0.0,centromere protein A
FN1,ENSG00000115414,0.0570036639740262,0.0,0.0,0.0,0.0,0.0,0.0570036639740262,0.0,fibronectin 1
CD226,ENSG00000150637,0.05696415888888889,0.0,0.0,0.0,0.0,0.0,0.05696415888888889,0.0,CD226 molecule
IL10,ENSG00000136634,0.056613940168783745,0.0,0.0,0.0,0.0,0.0,0.056613940168783745,0.0,interleukin 10
MPO,ENSG00000005381,0.056554966341773594,0.0,0.0,0.0,0.0,0.0,0.056554966341773594,0.0,myeloperoxidase
CCL18,ENSG00000275385,0.05615203172052153,0.0,0.0,0.0,0.0,0.0,0.05615203172052153,0.0,C-C motif chemokine ligand 18
MMP12,ENSG00000262406,0.05605995798847317,0.0,0.0,0.0,0.0,0.0,0.05605995798847317,0.0,matrix metallopeptidase 12
IRF5,ENSG00000128604,0.05548740746564027,0.0,0.0,0.0,0.0,0.0,0.05548740746564027,0.0,interferon regulatory factor 5
MAEA,ENSG00000090316,0.055373611111111117,0.0,0.0,0.0,0.0,0.0,0.055373611111111117,0.0,macrophage erythroblast attacher
HGF,ENSG00000019991,0.05533540566893424,0.0,0.0,0.0,0.0,0.0,0.05533540566893424,0.0,hepatocyte growth factor
CYP2D6,ENSG00000100197,0.055252666666666665,0.0,0.0,0.0,0.0,0.0,0.055252666666666665,0.0,cytochrome P450 family 2 subfamily D member 6
NOS3,ENSG00000164867,0.054992759999999995,0.0,0.0,0.0,0.0,0.0,0.054992759999999995,0.0,nitric oxide synthase 3
CD40LG,ENSG00000102245,0.054989525,0.0,0.0,0.0,0.0,0.0,0.054989525,0.0,CD40 ligand
TOP1,ENSG00000198900,0.05453085486159725,0.0,0.0,0.0,0.0,0.0,0.05453085486159725,0.0,DNA topoisomerase I
ELN,ENSG00000049540,0.05437655555555555,0.0,0.0,0.0,0.0,0.0,0.05437655555555555,0.0,elastin
IL33,ENSG00000137033,0.054107265657596375,0.0,0.0,0.0,0.0,0.0,0.054107265657596375,0.0,interleukin 33
FOXP3,ENSG00000049768,0.05406924999999999,0.0,0.0,0.0,0.0,0.0,0.05406924999999999,0.0,forkhead box P3
DKK1,ENSG00000107984,0.05396233333333333,0.0,0.0,0.0,0.0,0.0,0.05396233333333333,0.0,dickkopf WNT signaling pathway inhibitor 1
CXCL10,ENSG00000169245,0.0539256996680526,0.0,0.0,0.0,0.0,0.0,0.0539256996680526,0.0,C-X-C motif chemokine ligand 10
POSTN,ENSG00000133110,0.053491375294784586,0.0,0.0,0.0,0.0,0.0,0.053491375294784586,0.0,periostin
HUNK,ENSG00000142149,0.05345066666666667,0.0,0.0,0.0,0.0,0.0,0.05345066666666667,0.0,hormonally up-regulated Neu-associated kinase
SPP1,ENSG00000118785,0.05340944000000001,0.0,0.0,0.0,0.0,0.0,0.05340944000000001,0.0,secreted phosphoprotein 1
PRL,ENSG00000172179,0.053259674184024844,1.3575000000000001e-05,0.0,0.0,0.0,0.0,0.05325628043402485,0.0,prolactin
MTOR,ENSG00000198793,0.05318249666666667,0.0,0.0,0.0,0.0,0.0,0.05318249666666667,0.0,mechanistic target of rapamycin kinase
CRP,ENSG00000132693,0.05279494662972461,0.0,0.0,0.0,0.0,0.0,0.05279494662972461,0.0,C-reactive protein
CHI3L1,ENSG00000133048,0.052779,0.0,0.0,0.0,0.0,0.0,0.052779,0.0,chitinase 3 like 1
DSG2,ENSG00000046604,0.052704222222222215,0.0,0.0,0.0,0.0,0.0,0.052704222222222215,0.0,desmoglein 2
LGALS3,ENSG00000131981,0.05268503494897959,0.0,0.0,0.0,0.0,0.0,0.05268503494897959,0.0,galectin 3
S100A4,ENSG00000196154,0.05265539555555555,0.0,0.0,0.0,0.0,0.0,0.05265539555555555,0.0,S100 calcium binding protein A4
ACE,ENSG00000159640,0.05256192950180953,0.0,0.0,0.0,0.0,0.0,0.05256192950180953,0.0,angiotensin I converting enzyme
DPT,ENSG00000143196,0.0525225,0.0,0.0,0.0,0.0,0.0,0.0525225,0.0,dermatopontin
TIMP2,ENSG00000035862,0.052489088168934245,0.0,0.0,0.0,0.0,0.0,0.052489088168934245,0.0,TIMP metallopeptidase inhibitor 2
SELL,ENSG00000188404,0.05242377160997732,0.0,0.0,0.0,0.0,0.0,0.05242377160997732,0.0,selectin L
FGF2,ENSG00000138685,0.05240850563492064,0.0,0.0,0.0,0.0,0.0,0.05240850563492064,0.0,fibroblast growth factor 2
TNFRSF11B,ENSG00000164761,0.051838445000000004,0.0,0.0,0.0,0.0,0.0,0.051838445000000004,0.0,TNF receptor superfamily member 11b
IL1B,ENSG00000125538,0.05174989922926756,0.0,0.0,0.0,0.0,0.0,0.05174989922926756,0.0,interleukin 1 beta
DHRS2,ENSG00000100867,0.05153117858584824,0.0,0.0,0.0,0.0,0.0,0.05153117858584824,0.0,dehydrogenase/reductase 2
CD28,ENSG00000178562,0.05131410888888889,0.0,0.0,0.0,0.0,0.0,0.05131410888888889,0.0,CD28 molecule
IL9,ENSG00000145839,0.05116951777777778,0.0,0.0,0.0,0.0,0.0,0.05116951777777778,0.0,interleukin 9
RETN,ENSG00000104918,0.050946174999999996,0.0,0.0,0.0,0.0,0.0,0.050946174999999996,0.0,resistin
DCN,ENSG00000011465,0.05083654217687075,0.0,0.0,0.0,0.0,0.0,0.05083654217687075,0.0,decorin
PLXND1,ENSG00000004399,0.050688,0.0,0.0,0.0,0.0,0.0,0.050688,0.0,plexin D1
ENG,ENSG00000106991,0.05063929019557823,0.0,0.0,0.0,0.0,0.0,0.05063929019557823,0.0,endoglin
APLN,ENSG00000171388,0.050388,0.0,0.0,0.0,0.0,0.0,0.050388,0.0,apelin
TLR9,ENSG00000239732,0.050226833333333325,0.0,0.0,0.0,0.0,0.0,0.050226833333333325,0.0,toll like receptor 9
MMP3,ENSG00000149968,0.049703635,0.0,0.0,0.0,0.0,0.0,0.049703635,0.0,matrix metallopeptidase 3
UTS2,ENSG00000049247,0.049547041666666666,0.0,0.0,0.0,0.0,0.0,0.049547041666666666,0.0,urotensin 2
SEMA3E,ENSG00000170381,0.0495,0.0,0.0,0.0,0.0,0.0,0.0495,0.0,semaphorin 3E
CD163,ENSG00000177575,0.04935519444444444,0.0,0.0,0.0,0.0,0.0,0.04935519444444444,0.0,CD163 molecule
TRIM21,ENSG00000132109,0.049323161666666664,0.0,0.0,0.0,0.0,0.0,0.049323161666666664,0.0,tripartite motif containing 21
ADAMTS13,ENSG00000160323,0.04911967222222222,0.0,0.0,0.0,0.0,0.0,0.04911967222222222,0.0,ADAM metallopeptidase with thrombospondin type 1 motif 13
TGFB2,ENSG00000092969,0.04908149999999999,0.0,0.0,0.0,0.0,0.0,0.04908149999999999,0.0,transforming growth factor beta 2
ESR1,ENSG00000091831,0.049040284265558065,0.0,0.0,0.0,0.0,0.0,0.049040284265558065,0.0,estrogen receptor 1
HLA-DPB1,ENSG00000223865,0.0490191788888889,0.0,0.0,0.0,0.0,0.0,0.0490191788888889,0.0,"major histocompatibility complex, class II, DP beta 1"
CCL7,ENSG00000108688,0.048879000000000006,0.0,0.0,0.0,0.0,0.0,0.048879000000000006,0.0,C-C motif chemokine ligand 7
VCAM1,ENSG00000162692,0.04880516450113379,0.0,0.0,0.0,0.0,0.0,0.04880516450113379,0.0,vascular cell adhesion molecule 1
ITCH,ENSG00000078747,0.04849211111111112,0.0,0.0,0.0,0.0,0.0,0.04849211111111112,0.0,itchy E3 ubiquitin protein ligase
MUC5B,ENSG00000117983,0.04848036111111111,0.0,0.0,0.0,0.0,0.0,0.04848036111111111,0.0,"mucin 5B, oligomeric mucus/gel-forming"
CD40,ENSG00000101017,0.048472111938775514,0.0,0.0,0.0,0.0,0.0,0.048472111938775514,0.0,CD40 molecule
CXCL12,ENSG00000107562,0.04836248666666667,0.0,0.0,0.0,0.0,0.0,0.04836248666666667,0.0,C-X-C motif chemokine ligand 12
FAM167A,ENSG00000154319,0.04817754055555556,0.0,0.0,0.0,0.0,0.0,0.04817754055555556,0.0,family with sequence similarity 167 member A
COL1A1,ENSG00000108821,0.048122917777777774,0.0,0.0,0.0,0.0,0.0,0.048122917777777774,0.0,collagen type I alpha 1 chain
PLAT,ENSG00000104368,0.04812096789115646,0.0,0.0,0.0,0.0,0.0,0.04812096789115646,0.0,"plasminogen activator, tissue type"
PLAUR,ENSG00000011422,0.04808946,0.0,0.0,0.0,0.0,0.0,0.04808946,0.0,"plasminogen activator, urokinase receptor"
IGFBP3,ENSG00000146674,0.047898277777777776,0.0,0.0,0.0,0.0,0.0,0.047898277777777776,0.0,insulin like growth factor binding protein 3
CCR2,ENSG00000121807,0.047868,0.0,0.0,0.0,0.0,0.0,0.047868,0.0,C-C motif chemokine receptor 2
CDH11,ENSG00000140937,0.04778541166666667,0.0,0.0,0.0,0.0,0.0,0.04778541166666667,0.0,cadherin 11
CALCA,ENSG00000110680,0.04769079555555556,0.0,0.0,0.0,0.0,0.0,0.04769079555555556,0.0,calcitonin related polypeptide alpha
C4A,ENSG00000244731,0.047372444444444446,0.0,0.0,0.0,0.0,0.0,0.047372444444444446,0.0,complement C4A (Rodgers blood group)
SFTPD,ENSG00000133661,0.04718089359338831,0.0,0.0,0.0,0.0,0.0,0.04718089359338831,0.0,surfactant protein D
VIP,ENSG00000146469,0.04712256944444445,0.0,0.0,0.0,0.0,0.0,0.04712256944444445,0.0,vasoactive intestinal peptide
F3,ENSG00000117525,0.04703466666666667,0.0,0.0,0.0,0.0,0.0,0.04703466666666667,0.0,"coagulation factor III, tissue factor"
CADM1,ENSG00000182985,0.04701266772108843,0.0,0.0,0.0,0.0,0.0,0.04701266772108843,0.0,cell adhesion molecule 1
GDF15,ENSG00000130513,0.046797597222222216,0.0,0.0,0.0,0.0,0.0,0.046797597222222216,0.0,growth differentiation factor 15
ACR,ENSG00000100312,0.0467461960017476,0.0,0.0,0.0,0.0,0.0,0.0467461960017476,0.0,acrosin
CCL27,ENSG00000213927,0.0466655,0.0,0.0,0.0,0.0,0.0,0.0466655,0.0,C-C motif chemokine ligand 27
FSTL1,ENSG00000163430,0.04662,0.0,0.0,0.0,0.0,0.0,0.04662,0.0,follistatin like 1
CCL3,ENSG00000277632,0.046575000000000005,0.0,0.0,0.0,0.0,0.0,0.046575000000000005,0.0,C-C motif chemokine ligand 3
THBD,ENSG00000178726,0.04648638333333334,0.0,0.0,0.0,0.0,0.0,0.04648638333333334,0.0,thrombomodulin
TNC,ENSG00000041982,0.04636930555555555,0.0,0.0,0.0,0.0,0.0,0.04636930555555555,0.0,tenascin C
ENO2,ENSG00000111674,0.046314,0.0,0.0,0.0,0.0,0.0,0.046314,0.0,enolase 2
IL23R,ENSG00000162594,0.046197999999999996,0.0,0.0,0.0,0.0,0.0,0.046197999999999996,0.0,interleukin 23 receptor
SERPINA1,ENSG00000197249,0.04597111111111112,0.0,0.0,0.0,0.0,0.0,0.04597111111111112,0.0,serpin family A member 1
RBM45,ENSG00000155636,0.045842964444444446,0.0,0.0,0.0,0.0,0.0,0.045842964444444446,0.0,RNA binding motif protein 45
IRF7,ENSG00000185507,0.045825000000000005,0.0,0.0,0.0,0.0,0.0,0.045825000000000005,0.0,interferon regulatory factor 7
CXCR2,ENSG00000180871,0.04570899999999999,0.0,0.0,0.0,0.0,0.0,0.04570899999999999,0.0,C-X-C motif chemokine receptor 2
MUC16,ENSG00000181143,0.045502,0.0,0.0,0.0,0.0,0.0,0.045502,0.0,"mucin 16, cell surface associated"
IL6ST,ENSG00000134352,0.045298,0.0,0.0,0.0,0.0,0.0,0.045298,0.0,interleukin 6 signal transducer
SDC2,ENSG00000169439,0.0452375,0.0,0.0,0.0,0.0,0.0,0.0452375,0.0,syndecan 2
SOAT1,ENSG00000057252,0.045218,0.0,0.0,0.0,0.0,0.0,0.045218,0.0,sterol O-acyltransferase 1
TSLP,ENSG00000145777,0.04505923333333333,0.0,0.0,0.0,0.0,0.0,0.04505923333333333,0.0,thymic stromal lymphopoietin
NLRP3,ENSG00000162711,0.04503577777777778,0.0,0.0,0.0,0.0,0.0,0.04503577777777778,0.0,NLR family pyrin domain containing 3
IFI16,ENSG00000163565,0.04488213777777778,0.0,0.0,0.0,0.0,0.0,0.04488213777777778,0.0,interferon gamma inducible protein 16
IL21,ENSG00000138684,0.04479255055555557,0.0,0.0,0.0,0.0,0.0,0.04479255055555557,0.0,interleukin 21
CTSG,ENSG00000100448,0.04477311111111112,0.0,0.0,0.0,0.0,0.0,0.04477311111111112,0.0,cathepsin G
TLR4,ENSG00000136869,0.044684131292517006,0.0,0.0,0.0,0.0,0.0,0.044684131292517006,0.0,toll like receptor 4
GPI,ENSG00000105220,0.044567722222222224,0.0,0.0,0.0,0.0,0.0,0.044567722222222224,0.0,glucose-6-phosphate isomerase
PEPD,ENSG00000124299,0.04440444444444444,0.0,0.0,0.0,0.0,0.0,0.04440444444444444,0.0,peptidase D
AKT1,ENSG00000142208,0.044228333333333335,0.0,0.0,0.0,0.0,0.0,0.044228333333333335,0.0,AKT serine/threonine kinase 1
IGF1,ENSG00000017427,0.044225999999999994,0.0,0.0,0.0,0.0,0.0,0.044225999999999994,0.0,insulin like growth factor 1
SELPLG,ENSG00000110876,0.04408,0.0,0.0,0.0,0.0,0.0,0.04408,0.0,selectin P ligand
OSM,ENSG00000099985,0.043955999999999995,0.0,0.0,0.0,0.0,0.0,0.043955999999999995,0.0,oncostatin M
MBL2,ENSG00000165471,0.043904,0.0,0.0,0.0,0.0,0.0,0.043904,0.0,mannose binding lectin 2
MMP13,ENSG00000137745,0.04386583333333334,0.0,0.0,0.0,0.0,0.0,0.04386583333333334,0.0,matrix metallopeptidase 13
CAST,ENSG00000153113,0.043511999999999995,0.0,0.0,0.0,0.0,0.0,0.043511999999999995,0.0,calpastatin
SMAD1,ENSG00000170365,0.0434815,0.0,0.0,0.0,0.0,0.0,0.0434815,0.0,SMAD family member 1
LOX,ENSG00000113083,0.0434327811111111,0.0,0.0,0.0,0.0,0.0,0.0434327811111111,0.0,lysyl oxidase
SRC,ENSG00000197122,0.04333728177669178,0.0,0.0,0.0,0.0,0.0,0.04333728177669178,0.0,"SRC proto-oncogene, non-receptor tyrosine kinase"
TF,ENSG00000091513,0.04324677777777777,0.0,0.0,0.0,0.0,0.0,0.04324677777777777,0.0,transferrin
REN,ENSG00000143839,0.04298311371882087,0.0,0.0,0.0,0.0,0.0,0.04298311371882087,0.0,renin
CXCL16,ENSG00000161921,0.042928,0.0,0.0,0.0,0.0,0.0,0.042928,0.0,C-X-C motif chemokine ligand 16
NOS2,ENSG00000007171,0.04291088888888889,0.0,0.0,0.0,0.0,0.0,0.04291088888888889,0.0,nitric oxide synthase 2
LPA,ENSG00000198670,0.04291,0.0,0.0,0.0,0.0,0.0,0.04291,0.0,lipoprotein(a)
ADA,ENSG00000196839,0.0428925,0.0,0.0,0.0,0.0,0.0,0.0428925,0.0,adenosine deaminase
CA2,ENSG00000104267,0.04287955555555555,0.0,0.0,0.0,0.0,0.0,0.04287955555555555,0.0,carbonic anhydrase 2
IL21R,ENSG00000103522,0.042758444444444446,0.0,0.0,0.0,0.0,0.0,0.042758444444444446,0.0,interleukin 21 receptor
TSPAN4,ENSG00000214063,0.042603999999999996,0.0,0.0,0.0,0.0,0.0,0.042603999999999996,0.0,tetraspanin 4
TNFRSF8,ENSG00000120949,0.04259437219954648,0.0,0.0,0.0,0.0,0.0,0.04259437219954648,0.0,TNF receptor superfamily member 8
IL17D,ENSG00000172458,0.042574499999999994,0.0,0.0,0.0,0.0,0.0,0.042574499999999994,0.0,interleukin 17D
PLAU,ENSG00000122861,0.042511499999999994,0.0,0.0,0.0,0.0,0.0,0.042511499999999994,0.0,"plasminogen activator, urokinase"
AIRE,ENSG00000160224,0.042425000000000004,0.0,0.0,0.0,0.0,0.0,0.042425000000000004,0.0,autoimmune regulator
GLB1,ENSG00000170266,0.042421999999999994,0.0,0.0,0.0,0.0,0.0,0.042421999999999994,0.0,galactosidase beta 1
OCA2,ENSG00000104044,0.042395777777777775,0.0,0.0,0.0,0.0,0.0,0.042395777777777775,0.0,OCA2 melanosomal transmembrane protein
ANGPTL3,ENSG00000132855,0.042372,0.0,0.0,0.0,0.0,0.0,0.042372,0.0,angiopoietin like 3
CD14,ENSG00000170458,0.042064444444444446,0.0,0.0,0.0,0.0,0.0,0.042064444444444446,0.0,CD14 molecule
ABCB1,ENSG00000085563,0.042,0.0,0.0,0.0,0.0,0.0,0.042,0.0,ATP binding cassette subfamily B member 1
S100A7,ENSG00000143556,0.0418445,0.0,0.0,0.0,0.0,0.0,0.0418445,0.0,S100 calcium binding protein A7
CD4,ENSG00000010610,0.041719972828798184,0.0,0.0,0.0,0.0,0.0,0.041719972828798184,0.0,CD4 molecule
MIF,ENSG00000240972,0.04162505594104309,0.0,0.0,0.0,0.0,0.0,0.04162505594104309,0.0,macrophage migration inhibitory factor
HLA-G,ENSG00000204632,0.041486,0.0,0.0,0.0,0.0,0.0,0.041486,0.0,"major histocompatibility complex, class I, G"
IL37,ENSG00000125571,0.0414,0.0,0.0,0.0,0.0,0.0,0.0414,0.0,interleukin 37
CD86,ENSG00000114013,0.041384,0.0,0.0,0.0,0.0,0.0,0.041384,0.0,CD86 molecule
CASP8,ENSG00000064012,0.04120855555555555,0.0,0.0,0.0,0.0,0.0,0.04120855555555555,0.0,caspase 8
TST,ENSG00000128311,0.0412,0.0,0.0,0.0,0.0,0.0,0.0412,0.0,thiosulfate sulfurtransferase
TNFRSF6B,ENSG00000243509,0.041139999999999996,0.0,0.0,0.0,0.0,0.0,0.041139999999999996,0.0,TNF receptor superfamily member 6b
SLPI,ENSG00000124107,0.0411065,0.0,0.0,0.0,0.0,0.0,0.0411065,0.0,secretory leukocyte peptidase inhibitor
TBP,ENSG00000112592,0.041043,0.0,0.0,0.0,0.0,0.0,0.041043,0.0,TATA-box binding protein
RARRES2,ENSG00000106538,0.041,0.0,0.0,0.0,0.0,0.0,0.041,0.0,retinoic acid receptor responder 2
KITLG,ENSG00000049130,0.040978239425,6.89577e-05,0.0,0.0,0.0,0.0,0.040961,0.0,KIT ligand
CCR6,ENSG00000112486,0.040968,0.0,0.0,0.0,0.0,0.0,0.040968,0.0,C-C motif chemokine receptor 6
RBP4,ENSG00000138207,0.040596,0.0,0.0,0.0,0.0,0.0,0.040596,0.0,retinol binding protein 4
SH3BP5,ENSG00000131370,0.040596,0.0,0.0,0.0,0.0,0.0,0.040596,0.0,SH3 domain binding protein 5
SERPINE2,ENSG00000135919,0.04056,0.0,0.0,0.0,0.0,0.0,0.04056,0.0,serpin family E member 2
FOSL2,ENSG00000075426,0.0405491,0.0,0.0,0.0,0.0,0.0,0.0405491,0.0,"FOS like 2, AP-1 transcription factor subunit"
AQP4,ENSG00000171885,0.0404645,0.0,0.0,0.0,0.0,0.0,0.0404645,0.0,aquaporin 4
CCR7,ENSG00000126353,0.040392,0.0,0.0,0.0,0.0,0.0,0.040392,0.0,C-C motif chemokine receptor 7
STAT3,ENSG00000168610,0.04021361111111111,0.0,0.0,0.0,0.0,0.0,0.04021361111111111,0.0,signal transducer and activator of transcription 3
ATF3,ENSG00000162772,0.040198,0.0,0.0,0.0,0.0,0.0,0.040198,0.0,activating transcription factor 3
PLCL2,ENSG00000154822,0.040188,0.0,0.0,0.0,0.0,0.0,0.040188,0.0,phospholipase C like 2
MTHFR,ENSG00000177000,0.040181,0.0,0.0,0.0,0.0,0.0,0.040181,0.0,methylenetetrahydrofolate reductase
CX3CR1,ENSG00000168329,0.040119944444444444,0.0,0.0,0.0,0.0,0.0,0.040119944444444444,0.0,C-X3-C motif chemokine receptor 1
PSORS1C1,ENSG00000204540,0.040112999999999996,0.0,0.0,0.0,0.0,0.0,0.040112999999999996,0.0,psoriasis susceptibility 1 candidate 1
IL22,ENSG00000127318,0.0400515,0.0,0.0,0.0,0.0,0.0,0.0400515,0.0,interleukin 22
DLAT,ENSG00000150768,0.03999820400226757,0.0,0.0,0.0,0.0,0.0,0.03999820400226757,0.0,dihydrolipoamide S-acetyltransferase
CTSB,ENSG00000164733,0.039996,0.0,0.0,0.0,0.0,0.0,0.039996,0.0,cathepsin B
ADAM12,ENSG00000148848,0.039678,0.0,0.0,0.0,0.0,0.0,0.039678,0.0,ADAM metallopeptidase domain 12
ENHO,ENSG00000168913,0.0396,0.0,0.0,0.0,0.0,0.0,0.0396,0.0,energy homeostasis associated
PROCR,ENSG00000101000,0.0396,0.0,0.0,0.0,0.0,0.0,0.0396,0.0,protein C receptor
AGTR1,ENSG00000144891,0.03947912,0.0,0.0,0.0,0.0,0.0,0.03947912,0.0,angiotensin II receptor type 1
FPR1,ENSG00000171051,0.039203999999999996,0.0,0.0,0.0,0.0,0.0,0.039203999999999996,0.0,formyl peptide receptor 1
CTSL,ENSG00000135047,0.039203999999999996,0.0,0.0,0.0,0.0,0.0,0.039203999999999996,0.0,cathepsin L
IRAK1,ENSG00000184216,0.03915311111111111,0.0,0.0,0.0,0.0,0.0,0.03915311111111111,0.0,interleukin 1 receptor associated kinase 1
LTA,ENSG00000226979,0.03904900000000001,0.0,0.0,0.0,0.0,0.0,0.03904900000000001,0.0,lymphotoxin alpha
NOX4,ENSG00000086991,0.039009999999999996,0.0,0.0,0.0,0.0,0.0,0.039009999999999996,0.0,NADPH oxidase 4
CALCR,ENSG00000004948,0.039,0.0,0.0,0.0,0.0,0.0,0.039,0.0,calcitonin receptor
TLR8,ENSG00000101916,0.038877388888888885,0.0,0.0,0.0,0.0,0.0,0.038877388888888885,0.0,toll like receptor 8
LIF,ENSG00000128342,0.038807999999999995,0.0,0.0,0.0,0.0,0.0,0.038807999999999995,0.0,"LIF, interleukin 6 family cytokine"
IL3,ENSG00000164399,0.0388,0.0,0.0,0.0,0.0,0.0,0.0388,0.0,interleukin 3
CYCS,ENSG00000172115,0.038766235555555556,0.0,0.0,0.0,0.0,0.0,0.038766235555555556,0.0,"cytochrome c, somatic"
KLK1,ENSG00000167748,0.03863977777777778,0.0,0.0,0.0,0.0,0.0,0.03863977777777778,0.0,kallikrein 1
EGFR,ENSG00000146648,0.03861861111111111,0.0,0.0,0.0,0.0,0.0,0.03861861111111111,0.0,epidermal growth factor receptor
CXCL6,ENSG00000124875,0.038612,0.0,0.0,0.0,0.0,0.0,0.038612,0.0,C-X-C motif chemokine ligand 6
MFGE8,ENSG00000140545,0.038606,0.0,0.0,0.0,0.0,0.0,0.038606,0.0,milk fat globule-EGF factor 8 protein
HTR3A,ENSG00000166736,0.038495,0.0,0.0,0.0,0.0,0.0,0.038495,0.0,5-hydroxytryptamine receptor 3A
HP,ENSG00000257017,0.038475333333333334,0.0,0.0,0.0,0.0,0.0,0.038475333333333334,0.0,haptoglobin
CD44,ENSG00000026508,0.038444500000000006,0.0,0.0,0.0,0.0,0.0,0.038444500000000006,0.0,CD44 molecule (Indian blood group)
RPL17,ENSG00000265681,0.03842466666666666,0.0,0.0,0.0,0.0,0.0,0.03842466666666666,0.0,ribosomal protein L17
LCN2,ENSG00000148346,0.038416,0.0,0.0,0.0,0.0,0.0,0.038416,0.0,lipocalin 2
CXCL5,ENSG00000163735,0.038412,0.0,0.0,0.0,0.0,0.0,0.038412,0.0,C-X-C motif chemokine ligand 5
CCN1,ENSG00000142871,0.038,0.0,0.0,0.0,0.0,0.0,0.038,0.0,cellular communication network factor 1
IL13RA2,ENSG00000123496,0.037988999999999995,0.0,0.0,0.0,0.0,0.0,0.037988999999999995,0.0,interleukin 13 receptor subunit alpha 2
COL1A2,ENSG00000164692,0.03768643111111111,0.0,0.0,0.0,0.0,0.0,0.03768643111111111,0.0,collagen type I alpha 2 chain
KCNA5,ENSG00000130037,0.037511499999999996,0.0,0.0,0.0,0.0,0.0,0.037511499999999996,0.0,potassium voltage-gated channel subfamily A member 5
NAT2,ENSG00000156006,0.037496,0.0,0.0,0.0,0.0,0.0,0.037496,0.0,N-acetyltransferase 2
FGL2,ENSG00000127951,0.037412,0.0,0.0,0.0,0.0,0.0,0.037412,0.0,fibrinogen like 2
CLU,ENSG00000120885,0.037412,0.0,0.0,0.0,0.0,0.0,0.037412,0.0,clusterin
LGALS1,ENSG00000100097,0.037412,0.0,0.0,0.0,0.0,0.0,0.037412,0.0,galectin 1
BANK1,ENSG00000153064,0.03737970666666667,0.0,0.0,0.0,0.0,0.0,0.03737970666666667,0.0,B cell scaffold protein with ankyrin repeats 1
CXCL13,ENSG00000156234,0.03724,0.0,0.0,0.0,0.0,0.0,0.03724,0.0,C-X-C motif chemokine ligand 13
HPSE,ENSG00000173083,0.037224,0.0,0.0,0.0,0.0,0.0,0.037224,0.0,heparanase
CASP3,ENSG00000164305,0.037224,0.0,0.0,0.0,0.0,0.0,0.037224,0.0,caspase 3
IL18,ENSG00000150782,0.03711222222222222,0.0,0.0,0.0,0.0,0.0,0.03711222222222222,0.0,interleukin 18
APOH,ENSG00000091583,0.037073,0.0,0.0,0.0,0.0,0.0,0.037073,0.0,apolipoprotein H
NKX2-5,ENSG00000183072,0.03705,0.0,0.0,0.0,0.0,0.0,0.03705,0.0,NK2 homeobox 5
CCL23,ENSG00000274736,0.037036,0.0,0.0,0.0,0.0,0.0,0.037036,0.0,C-C motif chemokine ligand 23
WRN,ENSG00000165392,0.037014,0.0,0.0,0.0,0.0,0.0,0.037014,0.0,Werner syndrome RecQ like helicase
ITGB8,ENSG00000105855,0.037014,0.0,0.0,0.0,0.0,0.0,0.037014,0.0,integrin subunit beta 8
SELP,ENSG00000174175,0.036976555555555554,0.0,0.0,0.0,0.0,0.0,0.036976555555555554,0.0,selectin P
HMGB1,ENSG00000189403,0.03697422222222223,0.0,0.0,0.0,0.0,0.0,0.03697422222222223,0.0,high mobility group box 1
XCL1,ENSG00000143184,0.036828,0.0,0.0,0.0,0.0,0.0,0.036828,0.0,X-C motif chemokine ligand 1
EXOSC10,ENSG00000171824,0.0367825,0.0,0.0,0.0,0.0,0.0,0.0367825,0.0,exosome component 10
PRDX2,ENSG00000167815,0.0367295,0.0,0.0,0.0,0.0,0.0,0.0367295,0.0,peroxiredoxin 2
HPGDS,ENSG00000163106,0.036673000000000004,0.0,0.0,0.0,0.0,0.0,0.036673000000000004,0.0,hematopoietic prostaglandin D synthase
CCL13,ENSG00000181374,0.036642,0.0,0.0,0.0,0.0,0.0,0.036642,0.0,C-C motif chemokine ligand 13
TAB1,ENSG00000100324,0.036455999999999995,0.0,0.0,0.0,0.0,0.0,0.036455999999999995,0.0,TGF-beta activated kinase 1 (MAP3K7) binding protein 1
FCGR3B,ENSG00000162747,0.036432,0.0,0.0,0.0,0.0,0.0,0.036432,0.0,Fc fragment of IgG receptor IIIb
CP,ENSG00000047457,0.036417,0.0,0.0,0.0,0.0,0.0,0.036417,0.0,ceruloplasmin
TGFBR2,ENSG00000163513,0.036392,0.0,0.0,0.0,0.0,0.0,0.036392,0.0,transforming growth factor beta receptor 2
TAP1,ENSG00000168394,0.036364,0.0,0.0,0.0,0.0,0.0,0.036364,0.0,"transporter 1, ATP binding cassette subfamily B member"
IL34,ENSG00000157368,0.036218,0.0,0.0,0.0,0.0,0.0,0.036218,0.0,interleukin 34
SDC1,ENSG00000115884,0.036218,0.0,0.0,0.0,0.0,0.0,0.036218,0.0,syndecan 1
TLR2,ENSG00000137462,0.036180333333333335,0.0,0.0,0.0,0.0,0.0,0.036180333333333335,0.0,toll like receptor 2
CCL5,ENSG00000271503,0.036036,0.0,0.0,0.0,0.0,0.0,0.036036,0.0,C-C motif chemokine ligand 5
VTN,ENSG00000109072,0.036036,0.0,0.0,0.0,0.0,0.0,0.036036,0.0,vitronectin
RAPGEF5,ENSG00000136237,0.036026625,0.0,0.0,0.0,0.0,0.0,0.036026625,0.0,Rap guanine nucleotide exchange factor 5
TBX21,ENSG00000073861,0.03600794444444444,0.0,0.0,0.0,0.0,0.0,0.03600794444444444,0.0,T-box 21
ALPK1,ENSG00000073331,0.036000000000000004,0.0,0.0,0.0,0.0,0.0,0.036000000000000004,0.0,alpha kinase 1
CSF3,ENSG00000108342,0.035889166666666666,0.0,0.0,0.0,0.0,0.0,0.035889166666666666,0.0,colony stimulating factor 3
SERPINA12,ENSG00000165953,0.035820000000000005,0.0,0.0,0.0,0.0,0.0,0.035820000000000005,0.0,serpin family A member 12
SLC2A1,ENSG00000117394,0.035640000000000005,0.0,0.0,0.0,0.0,0.0,0.035640000000000005,0.0,solute carrier family 2 member 1
SPARC,ENSG00000113140,0.035570500000000005,0.0,0.0,0.0,0.0,0.0,0.035570500000000005,0.0,secreted protein acidic and cysteine rich
SERPINF2,ENSG00000167711,0.0355135,0.0,0.0,0.0,0.0,0.0,0.0355135,0.0,serpin family F member 2
CASP1,ENSG00000137752,0.035506777777777776,0.0,0.0,0.0,0.0,0.0,0.035506777777777776,0.0,caspase 1
TNFRSF1B,ENSG00000028137,0.035421999999999995,0.0,0.0,0.0,0.0,0.0,0.035421999999999995,0.0,TNF receptor superfamily member 1B
RHCE,ENSG00000188672,0.03530799999999999,0.0,0.0,0.0,0.0,0.0,0.03530799999999999,0.0,Rh blood group CcEe antigens
ANGPT2,ENSG00000091879,0.035287,0.0,0.0,0.0,0.0,0.0,0.035287,0.0,angiopoietin 2
AGBL3,ENSG00000146856,0.035280000000000006,0.0,0.0,0.0,0.0,0.0,0.035280000000000006,0.0,ATP/GTP binding protein like 3
DPP4,ENSG00000197635,0.035244,0.0,0.0,0.0,0.0,0.0,0.035244,0.0,dipeptidyl peptidase 4
HCLS1,ENSG00000180353,0.0352,0.0,0.0,0.0,0.0,0.0,0.0352,0.0,hematopoietic cell-specific Lyn substrate 1
NR3C2,ENSG00000151623,0.0352,0.0,0.0,0.0,0.0,0.0,0.0352,0.0,nuclear receptor subfamily 3 group C member 2
PLD4,ENSG00000166428,0.0350505,0.0,0.0,0.0,0.0,0.0,0.0350505,0.0,phospholipase D family member 4
SLC11A1,ENSG00000018280,0.035024,0.0,0.0,0.0,0.0,0.0,0.035024,0.0,solute carrier family 11 member 1
TNFRSF25,ENSG00000215788,0.03487146,0.0,0.0,0.0,0.0,0.0,0.03487146,0.0,TNF receptor superfamily member 25
ICOS,ENSG00000163600,0.03476727777777778,0.0,0.0,0.0,0.0,0.0,0.03476727777777778,0.0,inducible T cell costimulator
SCT,ENSG00000070031,0.03472662222222222,0.0,0.0,0.0,0.0,0.0,0.03472662222222222,0.0,secretin
ITGA2,ENSG00000164171,0.034651999999999995,0.0,0.0,0.0,0.0,0.0,0.034651999999999995,0.0,integrin subunit alpha 2
C4B,ENSG00000224389,0.034626,0.0,0.0,0.0,0.0,0.0,0.034626,0.0,complement C4B (Chido blood group)
NPPC,ENSG00000163273,0.034626,0.0,0.0,0.0,0.0,0.0,0.034626,0.0,natriuretic peptide C
PDPN,ENSG00000162493,0.034626,0.0,0.0,0.0,0.0,0.0,0.034626,0.0,podoplanin
OASL,ENSG00000135114,0.034626,0.0,0.0,0.0,0.0,0.0,0.034626,0.0,2'-5'-oligoadenylate synthetase like
OAS2,ENSG00000111335,0.034626,0.0,0.0,0.0,0.0,0.0,0.034626,0.0,2'-5'-oligoadenylate synthetase 2
AOC3,ENSG00000131471,0.034451999999999997,0.0,0.0,0.0,0.0,0.0,0.034451999999999997,0.0,"amine oxidase, copper containing 3"
F2,ENSG00000180210,0.0344,0.0,0.0,0.0,0.0,0.0,0.0344,0.0,"coagulation factor II, thrombin"
B2M,ENSG00000166710,0.0344,0.0,0.0,0.0,0.0,0.0,0.0344,0.0,beta-2-microglobulin
PLA2G7,ENSG00000146070,0.0344,0.0,0.0,0.0,0.0,0.0,0.0344,0.0,phospholipase A2 group VII
APCS,ENSG00000132703,0.0344,0.0,0.0,0.0,0.0,0.0,0.0344,0.0,"amyloid P component, serum"
HIF1A,ENSG00000100644,0.034370000000000005,0.0,0.0,0.0,0.0,0.0,0.034370000000000005,0.0,hypoxia inducible factor 1 subunit alpha
TRAF6,ENSG00000175104,0.03432,0.0,0.0,0.0,0.0,0.0,0.03432,0.0,TNF receptor associated factor 6
THPO,ENSG00000090534,0.034228,0.0,0.0,0.0,0.0,0.0,0.034228,0.0,thrombopoietin
GH1,ENSG00000259384,0.034055999999999996,0.0,0.0,0.0,0.0,0.0,0.034055999999999996,0.0,growth hormone 1
CSF2,ENSG00000164400,0.034020555555555554,0.0,0.0,0.0,0.0,0.0,0.034020555555555554,0.0,colony stimulating factor 2
TTR,ENSG00000118271,0.033953,0.0,0.0,0.0,0.0,0.0,0.033953,0.0,transthyretin
EXOSC9,ENSG00000123737,0.033756,0.0,0.0,0.0,0.0,0.0,0.033756,0.0,exosome component 9
CIC,ENSG00000079432,0.033732,0.0,0.0,0.0,0.0,0.0,0.033732,0.0,capicua transcriptional repressor
VNN1,ENSG00000112299,0.033431999999999996,0.0,0.0,0.0,0.0,0.0,0.033431999999999996,0.0,vanin 1
HAVCR2,ENSG00000135077,0.0334,0.0,0.0,0.0,0.0,0.0,0.0334,0.0,hepatitis A virus cellular receptor 2
ANXA5,ENSG00000164111,0.033210624999999994,0.0,0.0,0.0,0.0,0.0,0.033210624999999994,0.0,annexin A5
MMP2,ENSG00000087245,0.033189,0.0,0.0,0.0,0.0,0.0,0.033189,0.0,matrix metallopeptidase 2
IGF2,ENSG00000167244,0.033034,0.0,0.0,0.0,0.0,0.0,0.033034,0.0,insulin like growth factor 2
CTSV,ENSG00000136943,0.033034,0.0,0.0,0.0,0.0,0.0,0.033034,0.0,cathepsin V
APLNR,ENSG00000134817,0.033028,0.0,0.0,0.0,0.0,0.0,0.033028,0.0,apelin receptor
KDM6B,ENSG00000132510,0.032868,0.0,0.0,0.0,0.0,0.0,0.032868,0.0,lysine demethylase 6B
ICOSLG,ENSG00000160223,0.0328505907,0.0002323628,0.0,0.0,0.0,0.0,0.0327925,0.0,inducible T cell costimulator ligand
HMOX1,ENSG00000100292,0.032636,0.0,0.0,0.0,0.0,0.0,0.032636,0.0,heme oxygenase 1
S100A9,ENSG00000163220,0.032534,0.0,0.0,0.0,0.0,0.0,0.032534,0.0,S100 calcium binding protein A9
MMRN1,ENSG00000138722,0.03251188799549093,0.0,0.0,0.0,0.0,0.0,0.03251188799549093,0.0,multimerin 1
PI3,ENSG00000124102,0.03238,0.0,0.0,0.0,0.0,0.0,0.03238,0.0,peptidase inhibitor 3
CD276,ENSG00000103855,0.032364000000000004,0.0,0.0,0.0,0.0,0.0,0.032364000000000004,0.0,CD276 molecule
AFP,ENSG00000081051,0.032364,0.0,0.0,0.0,0.0,0.0,0.032364,0.0,alpha fetoprotein
CD58,ENSG00000116815,0.032344,0.0,0.0,0.0,0.0,0.0,0.032344,0.0,CD58 molecule
IFNB1,ENSG00000171855,0.032300499999999996,0.0,0.0,0.0,0.0,0.0,0.032300499999999996,0.0,interferon beta 1
RCN1,ENSG00000049449,0.032237999999999996,0.0,0.0,0.0,0.0,0.0,0.032237999999999996,0.0,reticulocalbin 1
SPAG9,ENSG00000008294,0.032237999999999996,0.0,0.0,0.0,0.0,0.0,0.032237999999999996,0.0,sperm associated antigen 9
PLOD2,ENSG00000152952,0.032218,0.0,0.0,0.0,0.0,0.0,0.032218,0.0,"procollagen-lysine,2-oxoglutarate 5-dioxygenase 2"
IFNAR1,ENSG00000142166,0.0322,0.0,0.0,0.0,0.0,0.0,0.0322,0.0,interferon alpha and beta receptor subunit 1
CD69,ENSG00000110848,0.032179218888888896,0.0,0.0,0.0,0.0,0.0,0.032179218888888896,0.0,CD69 molecule
BMPR2,ENSG00000204217,0.032138,0.0,0.0,0.0,0.0,0.0,0.032138,0.0,bone morphogenetic protein receptor type 2
CCL21,ENSG00000137077,0.032076,0.0,0.0,0.0,0.0,0.0,0.032076,0.0,C-C motif chemokine ligand 21
C9orf3,ENSG00000148120,0.032018,0.0,0.0,0.0,0.0,0.0,0.032018,0.0,chromosome 9 open reading frame 3
GUSB,ENSG00000169919,0.031982000000000003,0.0,0.0,0.0,0.0,0.0,0.031982000000000003,0.0,glucuronidase beta
PTH,ENSG00000152266,0.031982000000000003,0.0,0.0,0.0,0.0,0.0,0.031982000000000003,0.0,parathyroid hormone
VEGFD,ENSG00000165197,0.03184,0.0,0.0,0.0,0.0,0.0,0.03184,0.0,vascular endothelial growth factor D
CCN3,ENSG00000136999,0.03184,0.0,0.0,0.0,0.0,0.0,0.03184,0.0,cellular communication network factor 3
CD46,ENSG00000117335,0.03184,0.0,0.0,0.0,0.0,0.0,0.03184,0.0,CD46 molecule
FCN2,ENSG00000160339,0.031751999999999996,0.0,0.0,0.0,0.0,0.0,0.031751999999999996,0.0,ficolin 2
CCL19,ENSG00000172724,0.03168,0.0,0.0,0.0,0.0,0.0,0.03168,0.0,C-C motif chemokine ligand 19
CENPO,ENSG00000138092,0.03168,0.0,0.0,0.0,0.0,0.0,0.03168,0.0,centromere protein O
SIGLEC1,ENSG00000088827,0.0316,0.0,0.0,0.0,0.0,0.0,0.0316,0.0,sialic acid binding Ig like lectin 1
ITLN1,ENSG00000179914,0.031541871025,8.74841e-05,0.0,0.0,0.0,0.0,0.03152,0.0,intelectin 1
CFD,ENSG00000197766,0.031442,0.0,0.0,0.0,0.0,0.0,0.031442,0.0,complement factor D
WIF1,ENSG00000156076,0.031442,0.0,0.0,0.0,0.0,0.0,0.031442,0.0,WNT inhibitory factor 1
CYP1A1,ENSG00000140465,0.031284,0.0,0.0,0.0,0.0,0.0,0.031284,0.0,cytochrome P450 family 1 subfamily A member 1
TREX1,ENSG00000213689,0.031226000000000004,0.0,0.0,0.0,0.0,0.0,0.031226000000000004,0.0,three prime repair exonuclease 1
INSR,ENSG00000171105,0.031169000000000002,0.0,0.0,0.0,0.0,0.0,0.031169000000000002,0.0,insulin receptor
SEMA4D,ENSG00000187764,0.031044,0.0,0.0,0.0,0.0,0.0,0.031044,0.0,semaphorin 4D
DEGS1,ENSG00000143753,0.030968,0.0,0.0,0.0,0.0,0.0,0.030968,0.0,"delta 4-desaturase, sphingolipid 1"
CA9,ENSG00000107159,0.030888,0.0,0.0,0.0,0.0,0.0,0.030888,0.0,carbonic anhydrase 9
RGCC,ENSG00000102760,0.030888,0.0,0.0,0.0,0.0,0.0,0.030888,0.0,regulator of cell cycle
ITGB2,ENSG00000160255,0.0308,0.0,0.0,0.0,0.0,0.0,0.0308,0.0,integrin subunit beta 2
IKBKG,ENSG00000269335,0.030646,0.0,0.0,0.0,0.0,0.0,0.030646,0.0,inhibitor of nuclear factor kappa B kinase subunit gamma
CXCL11,ENSG00000169248,0.030646,0.0,0.0,0.0,0.0,0.0,0.030646,0.0,C-X-C motif chemokine ligand 11
LGALS9,ENSG00000168961,0.030646,0.0,0.0,0.0,0.0,0.0,0.030646,0.0,galectin 9
RCN3,ENSG00000142552,0.030646,0.0,0.0,0.0,0.0,0.0,0.030646,0.0,reticulocalbin 3
CD2,ENSG00000116824,0.030646,0.0,0.0,0.0,0.0,0.0,0.030646,0.0,CD2 molecule
NLRP1,ENSG00000091592,0.030646,0.0,0.0,0.0,0.0,0.0,0.030646,0.0,NLR family pyrin domain containing 1
NGF,ENSG00000134259,0.030513166666666668,0.0,0.0,0.0,0.0,0.0,0.030513166666666668,0.0,nerve growth factor
MMP10,ENSG00000166670,0.030492,0.0,0.0,0.0,0.0,0.0,0.030492,0.0,matrix metallopeptidase 10
PCSK5,ENSG00000099139,0.0304,0.0,0.0,0.0,0.0,0.0,0.0304,0.0,proprotein convertase subtilisin/kexin type 5
TLR7,ENSG00000196664,0.030337999999999997,0.0,0.0,0.0,0.0,0.0,0.030337999999999997,0.0,toll like receptor 7
CD70,ENSG00000125726,0.030337999999999997,0.0,0.0,0.0,0.0,0.0,0.030337999999999997,0.0,CD70 molecule
TBK1,ENSG00000183735,0.030336,0.0,0.0,0.0,0.0,0.0,0.030336,0.0,TANK binding kinase 1
WBP2NL,ENSG00000183066,0.030293999999999998,0.0,0.0,0.0,0.0,0.0,0.030293999999999998,0.0,WBP2 N-terminal like
IGFBP5,ENSG00000115461,0.03025,0.0,0.0,0.0,0.0,0.0,0.03025,0.0,insulin like growth factor binding protein 5
LEPR,ENSG00000116678,0.030247999999999997,0.0,0.0,0.0,0.0,0.0,0.030247999999999997,0.0,leptin receptor
TGFB3,ENSG00000119699,0.030095999999999998,0.0,0.0,0.0,0.0,0.0,0.030095999999999998,0.0,transforming growth factor beta 3
CSF1,ENSG00000184371,0.0300265,0.0,0.0,0.0,0.0,0.0,0.0300265,0.0,colony stimulating factor 1
PDCD1LG2,ENSG00000197646,0.03,0.0,0.0,0.0,0.0,0.0,0.03,0.0,programmed cell death 1 ligand 2
AQP3,ENSG00000165272,0.03,0.0,0.0,0.0,0.0,0.0,0.03,0.0,aquaporin 3 (Gill blood group)
IL2RA,ENSG00000134460,0.0298889432,0.00015577280000000001,0.0,0.0,0.0,0.0,0.02985,0.0,interleukin 2 receptor subunit alpha
IL10RB,ENSG00000243646,0.02985,0.0,0.0,0.0,0.0,0.0,0.02985,0.0,interleukin 10 receptor subunit beta
SFRP4,ENSG00000106483,0.02985,0.0,0.0,0.0,0.0,0.0,0.02985,0.0,secreted frizzled related protein 4
SEMA3A,ENSG00000075213,0.02985,0.0,0.0,0.0,0.0,0.0,0.02985,0.0,semaphorin 3A
DOK5,ENSG00000101134,0.029792,0.0,0.0,0.0,0.0,0.0,0.029792,0.0,docking protein 5
CD93,ENSG00000125810,0.0297,0.0,0.0,0.0,0.0,0.0,0.0297,0.0,CD93 molecule
CLEC11A,ENSG00000105472,0.0297,0.0,0.0,0.0,0.0,0.0,0.0297,0.0,C-type lectin domain containing 11A
BGN,ENSG00000182492,0.0296,0.0,0.0,0.0,0.0,0.0,0.0296,0.0,biglycan
APOBEC3A,ENSG00000128383,0.0296,0.0,0.0,0.0,0.0,0.0,0.0296,0.0,apolipoprotein B mRNA editing enzyme catalytic subunit 3A
CD48,ENSG00000117091,0.029452,0.0,0.0,0.0,0.0,0.0,0.029452,0.0,CD48 molecule
SLC6A4,ENSG00000108576,0.029452,0.0,0.0,0.0,0.0,0.0,0.029452,0.0,solute carrier family 6 member 4
SFRP1,ENSG00000104332,0.029452,0.0,0.0,0.0,0.0,0.0,0.029452,0.0,secreted frizzled related protein 1
TIGIT,ENSG00000181847,0.029304,0.0,0.0,0.0,0.0,0.0,0.029304,0.0,T cell immunoreceptor with Ig and ITIM domains
S100A8,ENSG00000143546,0.029304,0.0,0.0,0.0,0.0,0.0,0.029304,0.0,S100 calcium binding protein A8
CYBB,ENSG00000165168,0.0292,0.0,0.0,0.0,0.0,0.0,0.0292,0.0,cytochrome b-245 beta chain
S1PR5,ENSG00000180739,0.029155999999999998,0.0,0.0,0.0,0.0,0.0,0.029155999999999998,0.0,sphingosine-1-phosphate receptor 5
BCR,ENSG00000186716,0.0291,0.0,0.0,0.0,0.0,0.0,0.0291,0.0,"BCR, RhoGEF and GTPase activating protein"
TSKU,ENSG00000182704,0.029067115788247343,0.0,0.0,0.0,0.0,0.0,0.029067115788247343,0.0,"tsukushi, small leucine rich proteoglycan"
ATM,ENSG00000149311,0.029054,0.0,0.0,0.0,0.0,0.0,0.029054,0.0,ATM serine/threonine kinase
CD274,ENSG00000120217,0.029054,0.0,0.0,0.0,0.0,0.0,0.029054,0.0,CD274 molecule
RNASE3,ENSG00000169397,0.029021416666666668,0.0,0.0,0.0,0.0,0.0,0.029021416666666668,0.0,ribonuclease A family member 3
SFTPB,ENSG00000168878,0.028908,0.0,0.0,0.0,0.0,0.0,0.028908,0.0,surfactant protein B
LIFR,ENSG00000113594,0.028908,0.0,0.0,0.0,0.0,0.0,0.028908,0.0,LIF receptor alpha
PRDM1,ENSG00000057657,0.028860000000000004,0.0,0.0,0.0,0.0,0.0,0.028860000000000004,0.0,PR/SET domain 1
CSK,ENSG00000103653,0.0288138071,5.52284e-05,0.0,0.0,0.0,0.0,0.028800000000000003,0.0,C-terminal Src kinase
YBX1,ENSG00000065978,0.028800000000000003,0.0,0.0,0.0,0.0,0.0,0.028800000000000003,0.0,Y-box binding protein 1
ITGAX,ENSG00000140678,0.028762,0.0,0.0,0.0,0.0,0.0,0.028762,0.0,integrin subunit alpha X
RXRB,ENSG00000204231,0.028655999999999997,0.0,0.0,0.0,0.0,0.0,0.028655999999999997,0.0,retinoid X receptor beta
GDF6,ENSG00000156466,0.028655999999999997,0.0,0.0,0.0,0.0,0.0,0.028655999999999997,0.0,growth differentiation factor 6
ADAM17,ENSG00000151694,0.028655999999999997,0.0,0.0,0.0,0.0,0.0,0.028655999999999997,0.0,ADAM metallopeptidase domain 17
CDKN1A,ENSG00000124762,0.028655999999999997,0.0,0.0,0.0,0.0,0.0,0.028655999999999997,0.0,cyclin dependent kinase inhibitor 1A
CD81,ENSG00000110651,0.028655999999999997,0.0,0.0,0.0,0.0,0.0,0.028655999999999997,0.0,CD81 molecule
MAPK3,ENSG00000102882,0.028609338333333335,0.0,0.0,0.0,0.0,0.0,0.028609338333333335,0.0,mitogen-activated protein kinase 3
IL1R1,ENSG00000115594,0.0284,0.0,0.0,0.0,0.0,0.0,0.0284,0.0,interleukin 1 receptor type 1
FCAR,ENSG00000186431,0.028258,0.0,0.0,0.0,0.0,0.0,0.028258,0.0,Fc fragment of IgA receptor
HSPB3,ENSG00000169271,0.028258,0.0,0.0,0.0,0.0,0.0,0.028258,0.0,heat shock protein family B (small) member 3
ITGAV,ENSG00000138448,0.028258,0.0,0.0,0.0,0.0,0.0,0.028258,0.0,integrin subunit alpha V
EPO,ENSG00000130427,0.028258,0.0,0.0,0.0,0.0,0.0,0.028258,0.0,erythropoietin
MPL,ENSG00000117400,0.028258,0.0,0.0,0.0,0.0,0.0,0.028258,0.0,"MPL proto-oncogene, thrombopoietin receptor"
NRP1,ENSG00000099250,0.028258,0.0,0.0,0.0,0.0,0.0,0.028258,0.0,neuropilin 1
S100A6,ENSG00000197956,0.028116,0.0,0.0,0.0,0.0,0.0,0.028116,0.0,S100 calcium binding protein A6
LPL,ENSG00000175445,0.028116,0.0,0.0,0.0,0.0,0.0,0.028116,0.0,lipoprotein lipase
ANGPT1,ENSG00000154188,0.028116,0.0,0.0,0.0,0.0,0.0,0.028116,0.0,angiopoietin 1
MBD2,ENSG00000134046,0.028116,0.0,0.0,0.0,0.0,0.0,0.028116,0.0,methyl-CpG binding domain protein 2
HDAC7,ENSG00000061273,0.028116,0.0,0.0,0.0,0.0,0.0,0.028116,0.0,histone deacetylase 7
ALOX5,ENSG00000012779,0.028116,0.0,0.0,0.0,0.0,0.0,0.028116,0.0,arachidonate 5-lipoxygenase
A2M,ENSG00000175899,0.028,0.0,0.0,0.0,0.0,0.0,0.028,0.0,alpha-2-macroglobulin
HDAC3,ENSG00000171720,0.028,0.0,0.0,0.0,0.0,0.0,0.028,0.0,histone deacetylase 3
ALK,ENSG00000171094,0.028,0.0,0.0,0.0,0.0,0.0,0.028,0.0,ALK receptor tyrosine kinase
RORC,ENSG00000143365,0.028,0.0,0.0,0.0,0.0,0.0,0.028,0.0,RAR related orphan receptor C
AMPD1,ENSG00000116748,0.028,0.0,0.0,0.0,0.0,0.0,0.028,0.0,adenosine monophosphate deaminase 1
SRF,ENSG00000112658,0.028,0.0,0.0,0.0,0.0,0.0,0.028,0.0,serum response factor
CST3,ENSG00000101439,0.028,0.0,0.0,0.0,0.0,0.0,0.028,0.0,cystatin C
IL12RB1,ENSG00000096996,0.028,0.0,0.0,0.0,0.0,0.0,0.028,0.0,interleukin 12 receptor subunit beta 1
PHGDH,ENSG00000092621,0.028,0.0,0.0,0.0,0.0,0.0,0.028,0.0,phosphoglycerate dehydrogenase
TNFRSF1A,ENSG00000067182,0.028,0.0,0.0,0.0,0.0,0.0,0.028,0.0,TNF receptor superfamily member 1A
VIM,ENSG00000026025,0.028,0.0,0.0,0.0,0.0,0.0,0.028,0.0,vimentin
IFNL1,ENSG00000182393,0.027860000000000003,0.0,0.0,0.0,0.0,0.0,0.027860000000000003,0.0,interferon lambda 1
FOXH1,ENSG00000160973,0.027860000000000003,0.0,0.0,0.0,0.0,0.0,0.027860000000000003,0.0,forkhead box H1
LY96,ENSG00000154589,0.027860000000000003,0.0,0.0,0.0,0.0,0.0,0.027860000000000003,0.0,lymphocyte antigen 96
FLI1,ENSG00000151702,0.027860000000000003,0.0,0.0,0.0,0.0,0.0,0.027860000000000003,0.0,"Fli-1 proto-oncogene, ETS transcription factor"
JUND,ENSG00000130522,0.027860000000000003,0.0,0.0,0.0,0.0,0.0,0.027860000000000003,0.0,"JunD proto-oncogene, AP-1 transcription factor subunit"
ATF2,ENSG00000115966,0.027860000000000003,0.0,0.0,0.0,0.0,0.0,0.027860000000000003,0.0,activating transcription factor 2
P3H3,ENSG00000110811,0.027860000000000003,0.0,0.0,0.0,0.0,0.0,0.027860000000000003,0.0,prolyl 3-hydroxylase 3
NFKB1,ENSG00000109320,0.027860000000000003,0.0,0.0,0.0,0.0,0.0,0.027860000000000003,0.0,nuclear factor kappa B subunit 1
MYOM2,ENSG00000036448,0.027860000000000003,0.0,0.0,0.0,0.0,0.0,0.027860000000000003,0.0,myomesin 2
PCNA,ENSG00000132646,0.027757999999999998,0.0,0.0,0.0,0.0,0.0,0.027757999999999998,0.0,proliferating cell nuclear antigen
IL18BP,ENSG00000137496,0.02772,0.0,0.0,0.0,0.0,0.0,0.02772,0.0,interleukin 18 binding protein
CYBA,ENSG00000051523,0.02772,0.0,0.0,0.0,0.0,0.0,0.02772,0.0,cytochrome b-245 alpha chain
MTX1,ENSG00000173171,0.02762390277777778,0.0,0.0,0.0,0.0,0.0,0.02762390277777778,0.0,metaxin 1
TPPP2,ENSG00000179636,0.027580000000000004,0.0,0.0,0.0,0.0,0.0,0.027580000000000004,0.0,tubulin polymerization promoting protein family member 2
TNFSF11,ENSG00000120659,0.027580000000000004,0.0,0.0,0.0,0.0,0.0,0.027580000000000004,0.0,TNF superfamily member 11
PVR,ENSG00000073008,0.02703841666666667,0.0,0.0,0.0,0.0,0.0,0.02703841666666667,0.0,poliovirus receptor
NPPA,ENSG00000175206,0.026761124999999997,0.0,0.0,0.0,0.0,0.0,0.026761124999999997,0.0,natriuretic peptide A
JUN,ENSG00000177606,0.026661499999999998,0.0,0.0,0.0,0.0,0.0,0.026661499999999998,0.0,"Jun proto-oncogene, AP-1 transcription factor subunit"
TMSB4X,ENSG00000205542,0.026656000000000003,0.0,0.0,0.0,0.0,0.0,0.026656000000000003,0.0,thymosin beta 4 X-linked
HTR2A,ENSG00000102468,0.026600000000000002,0.0,0.0,0.0,0.0,0.0,0.026600000000000002,0.0,5-hydroxytryptamine receptor 2A
GBP1,ENSG00000117228,0.026520000000000002,0.0,0.0,0.0,0.0,0.0,0.026520000000000002,0.0,guanylate binding protein 1
MAF,ENSG00000178573,0.026427083333333334,0.0,0.0,0.0,0.0,0.0,0.026427083333333334,0.0,MAF bZIP transcription factor
G3BP1,ENSG00000145907,0.026402,0.0,0.0,0.0,0.0,0.0,0.026402,0.0,G3BP stress granule assembly factor 1
SIRT3,ENSG00000142082,0.026268,0.0,0.0,0.0,0.0,0.0,0.026268,0.0,sirtuin 3
DPYS,ENSG00000147647,0.02604,0.0,0.0,0.0,0.0,0.0,0.02604,0.0,dihydropyrimidinase
TGFBR1,ENSG00000106799,0.02576888888888889,0.0,0.0,0.0,0.0,0.0,0.02576888888888889,0.0,transforming growth factor beta receptor 1
BDNF,ENSG00000176697,0.025686999999999998,0.0,0.0,0.0,0.0,0.0,0.025686999999999998,0.0,brain derived neurotrophic factor
SMAD3,ENSG00000166949,0.02548392632777778,0.00018459420000000002,0.0,0.0,0.0,0.0,0.02543777777777778,0.0,SMAD family member 3
GAPDH,ENSG00000111640,0.025463,0.0,0.0,0.0,0.0,0.0,0.025463,0.0,glyceraldehyde-3-phosphate dehydrogenase
CNR2,ENSG00000188822,0.025337500000000002,0.0,0.0,0.0,0.0,0.0,0.025337500000000002,0.0,cannabinoid receptor 2
SS18L1,ENSG00000184402,0.025214695419501134,0.0,0.0,0.0,0.0,0.0,0.025214695419501134,0.0,"SS18L1, nBAF chromatin remodeling complex subunit"
NTF3,ENSG00000185652,0.02518,0.0,0.0,0.0,0.0,0.0,0.02518,0.0,neurotrophin 3
KRT1,ENSG00000167768,0.025088,0.0,0.0,0.0,0.0,0.0,0.025088,0.0,keratin 1
PPARA,ENSG00000186951,0.024551999999999997,0.0,0.0,0.0,0.0,0.0,0.024551999999999997,0.0,peroxisome proliferator activated receptor alpha
IL17C,ENSG00000124391,0.024428,0.0,0.0,0.0,0.0,0.0,0.024428,0.0,interleukin 17C
SSB,ENSG00000138385,0.024276404150644852,0.0,0.0,0.0,0.0,0.0,0.024276404150644852,0.0,Sjogren syndrome antigen B
PTEN,ENSG00000171862,0.024057000000000002,0.0,0.0,0.0,0.0,0.0,0.024057000000000002,0.0,phosphatase and tensin homolog
CWC22,ENSG00000163510,0.0239,0.0,0.0,0.0,0.0,0.0,0.0239,0.0,CWC22 spliceosome associated protein homolog
IL25,ENSG00000166090,0.02364,0.0,0.0,0.0,0.0,0.0,0.02364,0.0,interleukin 25
TIMP4,ENSG00000157150,0.02364,0.0,0.0,0.0,0.0,0.0,0.02364,0.0,TIMP metallopeptidase inhibitor 4
PTP4A1,ENSG00000112245,0.023520000000000003,0.0,0.0,0.0,0.0,0.0,0.023520000000000003,0.0,"protein tyrosine phosphatase type IVA, member 1"
RTRAF,ENSG00000087302,0.023510000000000003,0.0,0.0,0.0,0.0,0.0,0.023510000000000003,0.0,"RNA transcription, translation and transport factor"
LRP2,ENSG00000081479,0.023280000000000002,0.0,0.0,0.0,0.0,0.0,0.023280000000000002,0.0,LDL receptor related protein 2
PDC,ENSG00000116703,0.0231835,0.0,0.0,0.0,0.0,0.0,0.0231835,0.0,phosducin
TERT,ENSG00000164362,0.023100000000000002,0.0,0.0,0.0,0.0,0.0,0.023100000000000002,0.0,telomerase reverse transcriptase
ANG,ENSG00000214274,0.023084,0.0,0.0,0.0,0.0,0.0,0.023084,0.0,angiogenin
EFEMP2,ENSG00000172638,0.022968,0.0,0.0,0.0,0.0,0.0,0.022968,0.0,EGF containing fibulin extracellular matrix protein 2
PARP1,ENSG00000143799,0.022965,0.0,0.0,0.0,0.0,0.0,0.022965,0.0,poly(ADP-ribose) polymerase 1
ENTPD1,ENSG00000138185,0.022851999999999997,0.0,0.0,0.0,0.0,0.0,0.022851999999999997,0.0,ectonucleoside triphosphate diphosphohydrolase 1
TIMP3,ENSG00000100234,0.022851999999999997,0.0,0.0,0.0,0.0,0.0,0.022851999999999997,0.0,TIMP metallopeptidase inhibitor 3
PYM1,ENSG00000170473,0.022736,0.0,0.0,0.0,0.0,0.0,0.022736,0.0,"PYM homolog 1, exon junction complex associated factor"
TBCA,ENSG00000171530,0.022685999999999998,0.0,0.0,0.0,0.0,0.0,0.022685999999999998,0.0,tubulin folding cofactor A
TPO,ENSG00000115705,0.022456,0.0,0.0,0.0,0.0,0.0,0.022456,0.0,thyroid peroxidase
VCL,ENSG00000035403,0.022230000000000003,0.0,0.0,0.0,0.0,0.0,0.022230000000000003,0.0,vinculin
STIL,ENSG00000123473,0.022163444444444447,0.0,0.0,0.0,0.0,0.0,0.022163444444444447,0.0,"STIL, centriolar assembly protein"
IDO1,ENSG00000131203,0.022116,0.0,0.0,0.0,0.0,0.0,0.022116,0.0,"indoleamine 2,3-dioxygenase 1"
KLF5,ENSG00000102554,0.022064,0.0,0.0,0.0,0.0,0.0,0.022064,0.0,Kruppel like factor 5
CFHR3,ENSG00000116785,0.02204,0.0,0.0,0.0,0.0,0.0,0.02204,0.0,complement factor H related 3
ZNF706,ENSG00000120963,0.021952,0.0,0.0,0.0,0.0,0.0,0.021952,0.0,zinc finger protein 706
GABARAPL2,ENSG00000034713,0.021952,0.0,0.0,0.0,0.0,0.0,0.021952,0.0,GABA type A receptor associated protein like 2
CD68,ENSG00000129226,0.021890000000000003,0.0,0.0,0.0,0.0,0.0,0.021890000000000003,0.0,CD68 molecule
ANXA6,ENSG00000197043,0.021727999999999997,0.0,0.0,0.0,0.0,0.0,0.021727999999999997,0.0,annexin A6
PTBP1,ENSG00000011304,0.0214355,0.0,0.0,0.0,0.0,0.0,0.0214355,0.0,polypyrimidine tract binding protein 1
CNR1,ENSG00000118432,0.020988,0.0,0.0,0.0,0.0,0.0,0.020988,0.0,cannabinoid receptor 1
MMUT,ENSG00000146085,0.020800000000000003,0.0,0.0,0.0,0.0,0.0,0.020800000000000003,0.0,methylmalonyl-CoA mutase
NAMPT,ENSG00000105835,0.020706000000000002,0.0,0.0,0.0,0.0,0.0,0.020706000000000002,0.0,nicotinamide phosphoribosyltransferase
CCL4,ENSG00000275302,0.02067,0.0,0.0,0.0,0.0,0.0,0.02067,0.0,C-C motif chemokine ligand 4
MBTPS1,ENSG00000140943,0.020612000000000002,0.0,0.0,0.0,0.0,0.0,0.020612000000000002,0.0,"membrane bound transcription factor peptidase, site 1"
FTL,ENSG00000087086,0.0204,0.0,0.0,0.0,0.0,0.0,0.0204,0.0,ferritin light chain
NLRC4,ENSG00000091106,0.020384,0.0,0.0,0.0,0.0,0.0,0.020384,0.0,NLR family CARD domain containing 4
LTBP4,ENSG00000090006,0.020384,0.0,0.0,0.0,0.0,0.0,0.020384,0.0,latent transforming growth factor beta binding protein 4
S100A12,ENSG00000163221,0.020378999999999998,0.0,0.0,0.0,0.0,0.0,0.020378999999999998,0.0,S100 calcium binding protein A12
SSRP1,ENSG00000149136,0.020202,0.0,0.0,0.0,0.0,0.0,0.020202,0.0,structure specific recognition protein 1
SAA1,ENSG00000173432,0.020196,0.0,0.0,0.0,0.0,0.0,0.020196,0.0,serum amyloid A1
PON1,ENSG00000005421,0.020072,0.0,0.0,0.0,0.0,0.0,0.020072,0.0,paraoxonase 1
MECP2,ENSG00000169057,0.020061,0.0,0.0,0.0,0.0,0.0,0.020061,0.0,methyl-CpG binding protein 2
PYY,ENSG00000131096,0.020034,0.0,0.0,0.0,0.0,0.0,0.020034,0.0,peptide YY
NPY,ENSG00000122585,0.020023,0.0,0.0,0.0,0.0,0.0,0.020023,0.0,neuropeptide Y
KIAA1109,ENSG00000138688,0.019992,0.0,0.0,0.0,0.0,0.0,0.019992,0.0,KIAA1109
BLM,ENSG00000197299,0.019915500000000003,0.0,0.0,0.0,0.0,0.0,0.019915500000000003,0.0,BLM RecQ like helicase
ITGAL,ENSG00000005844,0.0199,0.0,0.0,0.0,0.0,0.0,0.0199,0.0,integrin subunit alpha L
CD33,ENSG00000105383,0.01989,0.0,0.0,0.0,0.0,0.0,0.01989,0.0,CD33 molecule
ANXA2,ENSG00000182718,0.0198665,0.0,0.0,0.0,0.0,0.0,0.0198665,0.0,annexin A2
PECAM1,ENSG00000261371,0.0198,0.0,0.0,0.0,0.0,0.0,0.0198,0.0,platelet and endothelial cell adhesion molecule 1
LRPAP1,ENSG00000163956,0.0198,0.0,0.0,0.0,0.0,0.0,0.0198,0.0,LDL receptor related protein associated protein 1
PSIP1,ENSG00000164985,0.019764,0.0,0.0,0.0,0.0,0.0,0.019764,0.0,PC4 and SFRS1 interacting protein 1
TPMT,ENSG00000137364,0.0197535,0.0,0.0,0.0,0.0,0.0,0.0197535,0.0,thiopurine S-methyltransferase
IGKC,ENSG00000211592,0.019700000000000002,0.0,0.0,0.0,0.0,0.0,0.019700000000000002,0.0,immunoglobulin kappa constant
ENPEP,ENSG00000138792,0.019700000000000002,0.0,0.0,0.0,0.0,0.0,0.019700000000000002,0.0,glutamyl aminopeptidase
MTX2,ENSG00000128654,0.019700000000000002,0.0,0.0,0.0,0.0,0.0,0.019700000000000002,0.0,metaxin 2
CFP,ENSG00000126759,0.019700000000000002,0.0,0.0,0.0,0.0,0.0,0.019700000000000002,0.0,complement factor properdin
CMA1,ENSG00000092009,0.019678666666666664,0.0,0.0,0.0,0.0,0.0,0.019678666666666664,0.0,chymase 1
DDX41,ENSG00000183258,0.0196,0.0,0.0,0.0,0.0,0.0,0.0196,0.0,DEAD-box helicase 41
NOS1,ENSG00000089250,0.0196,0.0,0.0,0.0,0.0,0.0,0.0196,0.0,nitric oxide synthase 1
AGBL2,ENSG00000165923,0.019582,0.0,0.0,0.0,0.0,0.0,0.019582,0.0,ATP/GTP binding protein like 2
EEF1A1,ENSG00000156508,0.0195,0.0,0.0,0.0,0.0,0.0,0.0195,0.0,eukaryotic translation elongation factor 1 alpha 1
NID1,ENSG00000116962,0.0195,0.0,0.0,0.0,0.0,0.0,0.0195,0.0,nidogen 1
FUS,ENSG00000089280,0.0194,0.0,0.0,0.0,0.0,0.0,0.0194,0.0,FUS RNA binding protein
ALB,ENSG00000163631,0.019386,0.0,0.0,0.0,0.0,0.0,0.019386,0.0,albumin
ACVR1B,ENSG00000135503,0.019306,0.0,0.0,0.0,0.0,0.0,0.019306,0.0,activin A receptor type 1B
SMAD2,ENSG00000175387,0.019186277777777774,0.0,0.0,0.0,0.0,0.0,0.019186277777777774,0.0,SMAD family member 2
GDNF,ENSG00000168621,0.019104,0.0,0.0,0.0,0.0,0.0,0.019104,0.0,glial cell derived neurotrophic factor
FASLG,ENSG00000117560,0.019014,0.0,0.0,0.0,0.0,0.0,0.019014,0.0,Fas ligand
MUC2,ENSG00000198788,0.018972,0.0,0.0,0.0,0.0,0.0,0.018972,0.0,"mucin 2, oligomeric mucus/gel-forming"
MAPT,ENSG00000186868,0.018972,0.0,0.0,0.0,0.0,0.0,0.018972,0.0,microtubule associated protein tau
SPPL2C,ENSG00000185294,0.018972,0.0,0.0,0.0,0.0,0.0,0.018972,0.0,signal peptide peptidase like 2C
LRRC34,ENSG00000171757,0.018972,0.0,0.0,0.0,0.0,0.0,0.018972,0.0,leucine rich repeat containing 34
STN1,ENSG00000107960,0.018972,0.0,0.0,0.0,0.0,0.0,0.018972,0.0,"STN1, CST complex subunit"
DSP,ENSG00000096696,0.018972,0.0,0.0,0.0,0.0,0.0,0.018972,0.0,desmoplakin
SOST,ENSG00000167941,0.018816,0.0,0.0,0.0,0.0,0.0,0.018816,0.0,sclerostin
SERPINE1,ENSG00000106366,0.018816,0.0,0.0,0.0,0.0,0.0,0.018816,0.0,serpin family E member 1
GALNS,ENSG00000141012,0.0188,0.0,0.0,0.0,0.0,0.0,0.0188,0.0,galactosamine (N-acetyl)-6-sulfatase
F11R,ENSG00000158769,0.018706,0.0,0.0,0.0,0.0,0.0,0.018706,0.0,F11 receptor
IVD,ENSG00000128928,0.018634590325000002,0.0001383613,0.0,0.0,0.0,0.0,0.018600000000000002,0.0,isovaleryl-CoA dehydrogenase
CSMD1,ENSG00000183117,0.018600000000000002,0.0,0.0,0.0,0.0,0.0,0.018600000000000002,0.0,CUB and Sushi multiple domains 1
AZGP1,ENSG00000160862,0.018600000000000002,0.0,0.0,0.0,0.0,0.0,0.018600000000000002,0.0,"alpha-2-glycoprotein 1, zinc-binding"
DPP9,ENSG00000142002,0.018600000000000002,0.0,0.0,0.0,0.0,0.0,0.018600000000000002,0.0,dipeptidyl peptidase 9
ANXA13,ENSG00000104537,0.018600000000000002,0.0,0.0,0.0,0.0,0.0,0.018600000000000002,0.0,annexin A13
ATP11A,ENSG00000068650,0.018600000000000002,0.0,0.0,0.0,0.0,0.0,0.018600000000000002,0.0,ATPase phospholipid transporting 11A
MSN,ENSG00000147065,0.018598,0.0,0.0,0.0,0.0,0.0,0.018598,0.0,moesin
EZR,ENSG00000092820,0.018598,0.0,0.0,0.0,0.0,0.0,0.018598,0.0,ezrin
PXN,ENSG00000089159,0.018598,0.0,0.0,0.0,0.0,0.0,0.018598,0.0,paxillin
SEMA7A,ENSG00000138623,0.018518,0.0,0.0,0.0,0.0,0.0,0.018518,0.0,semaphorin 7A (John Milton Hagen blood group)
UCN2,ENSG00000145040,0.018426,0.0,0.0,0.0,0.0,0.0,0.018426,0.0,urocortin 2
SLC33A1,ENSG00000169359,0.0184195,0.0,0.0,0.0,0.0,0.0,0.0184195,0.0,solute carrier family 33 member 1
SERPINH1,ENSG00000149257,0.0184,0.0,0.0,0.0,0.0,0.0,0.0184,0.0,serpin family H member 1
SERPINC1,ENSG00000117601,0.018364000000000002,0.0,0.0,0.0,0.0,0.0,0.018364000000000002,0.0,serpin family C member 1
ADM,ENSG00000148926,0.018307999999999998,0.0,0.0,0.0,0.0,0.0,0.018307999999999998,0.0,adrenomedullin
TWIST1,ENSG00000122691,0.018307999999999998,0.0,0.0,0.0,0.0,0.0,0.018307999999999998,0.0,twist family bHLH transcription factor 1
PRTN3,ENSG00000196415,0.018216,0.0,0.0,0.0,0.0,0.0,0.018216,0.0,proteinase 3
PLA2G1B,ENSG00000170890,0.018123999999999998,0.0,0.0,0.0,0.0,0.0,0.018123999999999998,0.0,phospholipase A2 group IB
CD3EAP,ENSG00000117877,0.018000000000000002,0.0,0.0,0.0,0.0,0.0,0.018000000000000002,0.0,CD3e molecule associated protein
DHX9,ENSG00000135829,0.01794,0.0,0.0,0.0,0.0,0.0,0.01794,0.0,DExH-box helicase 9
CENPF,ENSG00000117724,0.01794,0.0,0.0,0.0,0.0,0.0,0.01794,0.0,centromere protein F
ABO,ENSG00000175164,0.017906581787499997,0.00041832715,0.0,0.0,0.0,0.0,0.017802,0.0,"ABO, alpha 1-3-N-acetylgalactosaminyltransferase and alpha 1-3-galactosyltransferase"
NELFCD,ENSG00000101158,0.017891999999999998,0.0,0.0,0.0,0.0,0.0,0.017891999999999998,0.0,negative elongation factor complex member C/D
TG,ENSG00000042832,0.017891999999999998,0.0,0.0,0.0,0.0,0.0,0.017891999999999998,0.0,thyroglobulin
SH3BP4,ENSG00000130147,0.01783,0.0,0.0,0.0,0.0,0.0,0.01783,0.0,SH3 domain binding protein 4
BICD2,ENSG00000185963,0.017820000000000003,0.0,0.0,0.0,0.0,0.0,0.017820000000000003,0.0,BICD cargo adaptor 2
VGLL3,ENSG00000206538,0.017755999999999997,0.0,0.0,0.0,0.0,0.0,0.017755999999999997,0.0,vestigial like family member 3
ENO1,ENSG00000074800,0.0176925,0.0,0.0,0.0,0.0,0.0,0.0176925,0.0,enolase 1
MALT1,ENSG00000172175,0.0176,0.0,0.0,0.0,0.0,0.0,0.0176,0.0,MALT1 paracaspase
NT5C1A,ENSG00000116981,0.01746,0.0,0.0,0.0,0.0,0.0,0.01746,0.0,"5'-nucleotidase, cytosolic IA"
CENPI,ENSG00000102384,0.01716,0.0,0.0,0.0,0.0,0.0,0.01716,0.0,centromere protein I
SOD3,ENSG00000109610,0.017027999999999998,0.0,0.0,0.0,0.0,0.0,0.017027999999999998,0.0,superoxide dismutase 3
HMGB2,ENSG00000164104,0.016942,0.0,0.0,0.0,0.0,0.0,0.016942,0.0,high mobility group box 2
DEK,ENSG00000124795,0.01677,0.0,0.0,0.0,0.0,0.0,0.01677,0.0,DEK proto-oncogene
HAX1,ENSG00000143575,0.016715999999999998,0.0,0.0,0.0,0.0,0.0,0.016715999999999998,0.0,HCLS1 associated protein X-1
ERCC8,ENSG00000049167,0.016715999999999998,0.0,0.0,0.0,0.0,0.0,0.016715999999999998,0.0,"ERCC excision repair 8, CSA ubiquitin ligase complex subunit"
NCL,ENSG00000115053,0.016632,0.0,0.0,0.0,0.0,0.0,0.016632,0.0,nucleolin
SLC35A2,ENSG00000102100,0.016597999999999998,0.0,0.0,0.0,0.0,0.0,0.016597999999999998,0.0,solute carrier family 35 member A2
CD5,ENSG00000110448,0.016464,0.0,0.0,0.0,0.0,0.0,0.016464,0.0,CD5 molecule
CEBPZ,ENSG00000115816,0.016318,0.0,0.0,0.0,0.0,0.0,0.016318,0.0,CCAAT enhancer binding protein zeta
MGP,ENSG00000111341,0.016318,0.0,0.0,0.0,0.0,0.0,0.016318,0.0,matrix Gla protein
XYLT1,ENSG00000103489,0.016318,0.0,0.0,0.0,0.0,0.0,0.016318,0.0,xylosyltransferase 1
TMEM173,ENSG00000184584,0.016295999999999998,0.0,0.0,0.0,0.0,0.0,0.016295999999999998,0.0,transmembrane protein 173
HLA-DMB,ENSG00000242574,0.016236,0.0,0.0,0.0,0.0,0.0,0.016236,0.0,"major histocompatibility complex, class II, DM beta"
SNRPD1,ENSG00000167088,0.016236,0.0,0.0,0.0,0.0,0.0,0.016236,0.0,small nuclear ribonucleoprotein D1 polypeptide
ECE1,ENSG00000117298,0.016236,0.0,0.0,0.0,0.0,0.0,0.016236,0.0,endothelin converting enzyme 1
PLD3,ENSG00000105223,0.016153999999999998,0.0,0.0,0.0,0.0,0.0,0.016153999999999998,0.0,phospholipase D family member 3
TNNT2,ENSG00000118194,0.016072,0.0,0.0,0.0,0.0,0.0,0.016072,0.0,"troponin T2, cardiac type"
FCGBP,ENSG00000275395,0.01599,0.0,0.0,0.0,0.0,0.0,0.01599,0.0,Fc fragment of IgG binding protein
ANXA11,ENSG00000122359,0.01599,0.0,0.0,0.0,0.0,0.0,0.01599,0.0,annexin A11
CXCL1,ENSG00000163739,0.01592,0.0,0.0,0.0,0.0,0.0,0.01592,0.0,C-X-C motif chemokine ligand 1
ZDHHC2,ENSG00000104219,0.01592,0.0,0.0,0.0,0.0,0.0,0.01592,0.0,zinc finger DHHC-type containing 2
SETD2,ENSG00000181555,0.015908,0.0,0.0,0.0,0.0,0.0,0.015908,0.0,SET domain containing 2
TCP1,ENSG00000120438,0.01584,0.0,0.0,0.0,0.0,0.0,0.01584,0.0,t-complex 1
FBL,ENSG00000105202,0.01576,0.0,0.0,0.0,0.0,0.0,0.01576,0.0,fibrillarin
SAFB,ENSG00000160633,0.015662,0.0,0.0,0.0,0.0,0.0,0.015662,0.0,scaffold attachment factor B
SMAD4,ENSG00000141646,0.015600000000000001,0.0,0.0,0.0,0.0,0.0,0.015600000000000001,0.0,SMAD family member 4
ACLY,ENSG00000131473,0.015600000000000001,0.0,0.0,0.0,0.0,0.0,0.015600000000000001,0.0,ATP citrate lyase
HRAS,ENSG00000174775,0.015522,0.0,0.0,0.0,0.0,0.0,0.015522,0.0,"HRas proto-oncogene, GTPase"
FCGR2A,ENSG00000143226,0.015522,0.0,0.0,0.0,0.0,0.0,0.015522,0.0,Fc fragment of IgG receptor IIa
SRI,ENSG00000075142,0.015522,0.0,0.0,0.0,0.0,0.0,0.015522,0.0,sorcin
SLURP1,ENSG00000126233,0.01552,0.0,0.0,0.0,0.0,0.0,0.01552,0.0,secreted LY6/PLAUR domain containing 1
ALOX15,ENSG00000161905,0.015444,0.0,0.0,0.0,0.0,0.0,0.015444,0.0,arachidonate 15-lipoxygenase
CD27,ENSG00000139193,0.015444,0.0,0.0,0.0,0.0,0.0,0.015444,0.0,CD27 molecule
CTSD,ENSG00000117984,0.015444,0.0,0.0,0.0,0.0,0.0,0.015444,0.0,cathepsin D
CDK9,ENSG00000136807,0.015366,0.0,0.0,0.0,0.0,0.0,0.015366,0.0,cyclin dependent kinase 9
IVNS1ABP,ENSG00000116679,0.015288,0.0,0.0,0.0,0.0,0.0,0.015288,0.0,influenza virus NS1A binding protein
COL17A1,ENSG00000065618,0.015288,0.0,0.0,0.0,0.0,0.0,0.015288,0.0,collagen type XVII alpha 1 chain
CD47,ENSG00000196776,0.015123999999999999,0.0,0.0,0.0,0.0,0.0,0.015123999999999999,0.0,CD47 molecule
CD55,ENSG00000196352,0.015123999999999999,0.0,0.0,0.0,0.0,0.0,0.015123999999999999,0.0,CD55 molecule (Cromer blood group)
IL13RA1,ENSG00000131724,0.015123999999999999,0.0,0.0,0.0,0.0,0.0,0.015123999999999999,0.0,interleukin 13 receptor subunit alpha 1
HLA-DMA,ENSG00000204257,0.015047999999999999,0.0,0.0,0.0,0.0,0.0,0.015047999999999999,0.0,"major histocompatibility complex, class II, DM alpha"
TUBB,ENSG00000196230,0.015047999999999999,0.0,0.0,0.0,0.0,0.0,0.015047999999999999,0.0,tubulin beta class I
LMNA,ENSG00000160789,0.015047999999999999,0.0,0.0,0.0,0.0,0.0,0.015047999999999999,0.0,lamin A/C
LBR,ENSG00000143815,0.015047999999999999,0.0,0.0,0.0,0.0,0.0,0.015047999999999999,0.0,lamin B receptor
SNRPN,ENSG00000128739,0.015047999999999999,0.0,0.0,0.0,0.0,0.0,0.015047999999999999,0.0,small nuclear ribonucleoprotein polypeptide N
ARNTL2,ENSG00000029153,0.015047999999999999,0.0,0.0,0.0,0.0,0.0,0.015047999999999999,0.0,aryl hydrocarbon receptor nuclear translocator like 2
CCR3,ENSG00000183625,0.014972,0.0,0.0,0.0,0.0,0.0,0.014972,0.0,C-C motif chemokine receptor 3
CCR5,ENSG00000160791,0.014972,0.0,0.0,0.0,0.0,0.0,0.014972,0.0,C-C motif chemokine receptor 5 (gene/pseudogene)
LAIR1,ENSG00000167613,0.014896,0.0,0.0,0.0,0.0,0.0,0.014896,0.0,leukocyte associated immunoglobulin like receptor 1
TIA1,ENSG00000116001,0.014896,0.0,0.0,0.0,0.0,0.0,0.014896,0.0,TIA1 cytotoxic granule associated RNA binding protein
DES,ENSG00000175084,0.0148,0.0,0.0,0.0,0.0,0.0,0.0148,0.0,desmin
BTC,ENSG00000174808,0.0148,0.0,0.0,0.0,0.0,0.0,0.0148,0.0,betacellulin
NMT1,ENSG00000136448,0.0148,0.0,0.0,0.0,0.0,0.0,0.0148,0.0,N-myristoyltransferase 1
CAT,ENSG00000121691,0.0148,0.0,0.0,0.0,0.0,0.0,0.0148,0.0,catalase
PPY,ENSG00000108849,0.0148,0.0,0.0,0.0,0.0,0.0,0.0148,0.0,pancreatic polypeptide
ACHE,ENSG00000087085,0.0148,0.0,0.0,0.0,0.0,0.0,0.0148,0.0,acetylcholinesterase (Cartwright blood group)
LTF,ENSG00000012223,0.0148,0.0,0.0,0.0,0.0,0.0,0.0148,0.0,lactotransferrin
SLCO6A1,ENSG00000205359,0.014726,0.0,0.0,0.0,0.0,0.0,0.014726,0.0,solute carrier organic anion transporter family member 6A1
CCK,ENSG00000187094,0.014726,0.0,0.0,0.0,0.0,0.0,0.014726,0.0,cholecystokinin
CNP,ENSG00000173786,0.014726,0.0,0.0,0.0,0.0,0.0,0.014726,0.0,"2',3'-cyclic nucleotide 3' phosphodiesterase"
GYPA,ENSG00000170180,0.014726,0.0,0.0,0.0,0.0,0.0,0.014726,0.0,glycophorin A (MNS blood group)
COL3A1,ENSG00000168542,0.014726,0.0,0.0,0.0,0.0,0.0,0.014726,0.0,collagen type III alpha 1 chain
CYP2C9,ENSG00000138109,0.014726,0.0,0.0,0.0,0.0,0.0,0.014726,0.0,cytochrome P450 family 2 subfamily C member 9
SHBG,ENSG00000129214,0.014726,0.0,0.0,0.0,0.0,0.0,0.014726,0.0,sex hormone binding globulin
CST8,ENSG00000125815,0.014726,0.0,0.0,0.0,0.0,0.0,0.014726,0.0,cystatin 8
SGCA,ENSG00000108823,0.014726,0.0,0.0,0.0,0.0,0.0,0.014726,0.0,sarcoglycan alpha
WNT3,ENSG00000108379,0.014726,0.0,0.0,0.0,0.0,0.0,0.014726,0.0,Wnt family member 3
LPAR1,ENSG00000198121,0.014652,0.0,0.0,0.0,0.0,0.0,0.014652,0.0,lysophosphatidic acid receptor 1
CXCR1,ENSG00000163464,0.014652,0.0,0.0,0.0,0.0,0.0,0.014652,0.0,C-X-C motif chemokine receptor 1
CENPC,ENSG00000145241,0.014652,0.0,0.0,0.0,0.0,0.0,0.014652,0.0,centromere protein C
DCTN3,ENSG00000137100,0.014652,0.0,0.0,0.0,0.0,0.0,0.014652,0.0,dynactin subunit 3
GSTM1,ENSG00000134184,0.014652,0.0,0.0,0.0,0.0,0.0,0.014652,0.0,glutathione S-transferase mu 1
ZMPSTE24,ENSG00000084073,0.014652,0.0,0.0,0.0,0.0,0.0,0.014652,0.0,zinc metallopeptidase STE24
IL4R,ENSG00000077238,0.014652,0.0,0.0,0.0,0.0,0.0,0.014652,0.0,interleukin 4 receptor
TRH,ENSG00000170893,0.014504,0.0,0.0,0.0,0.0,0.0,0.014504,0.0,thyrotropin releasing hormone
DGCR2,ENSG00000070413,0.014504,0.0,0.0,0.0,0.0,0.0,0.014504,0.0,DiGeorge syndrome critical region gene 2
ZBTB2,ENSG00000181472,0.014430000000000002,0.0,0.0,0.0,0.0,0.0,0.014430000000000002,0.0,zinc finger and BTB domain containing 2
KLHL12,ENSG00000117153,0.014430000000000002,0.0,0.0,0.0,0.0,0.0,0.014430000000000002,0.0,kelch like family member 12
RALBP1,ENSG00000017797,0.014430000000000002,0.0,0.0,0.0,0.0,0.0,0.014430000000000002,0.0,ralA binding protein 1
RUNX1,ENSG00000159216,0.014400000000000001,0.0,0.0,0.0,0.0,0.0,0.014400000000000001,0.0,runt related transcription factor 1
SOD1,ENSG00000142168,0.014400000000000001,0.0,0.0,0.0,0.0,0.0,0.014400000000000001,0.0,superoxide dismutase 1
SAG,ENSG00000130561,0.014400000000000001,0.0,0.0,0.0,0.0,0.0,0.014400000000000001,0.0,S-antigen visual arrestin
EIF2AK4,ENSG00000128829,0.014400000000000001,0.0,0.0,0.0,0.0,0.0,0.014400000000000001,0.0,eukaryotic translation initiation factor 2 alpha kinase 4
CLYBL,ENSG00000125246,0.014400000000000001,0.0,0.0,0.0,0.0,0.0,0.014400000000000001,0.0,citrate lyase beta like
BAK1,ENSG00000030110,0.014400000000000001,0.0,0.0,0.0,0.0,0.0,0.014400000000000001,0.0,BCL2 antagonist/killer 1
IL1RN,ENSG00000136689,0.014355999999999999,0.0,0.0,0.0,0.0,0.0,0.014355999999999999,0.0,interleukin 1 receptor antagonist
INS,ENSG00000254647,0.014336222222222222,0.0,0.0,0.0,0.0,0.0,0.014336222222222222,0.0,insulin
CYP2B6,ENSG00000197408,0.014327999999999999,0.0,0.0,0.0,0.0,0.0,0.014327999999999999,0.0,cytochrome P450 family 2 subfamily B member 6
FOXE3,ENSG00000186790,0.014327999999999999,0.0,0.0,0.0,0.0,0.0,0.014327999999999999,0.0,forkhead box E3
THBS2,ENSG00000186340,0.014327999999999999,0.0,0.0,0.0,0.0,0.0,0.014327999999999999,0.0,thrombospondin 2
TNFSF13,ENSG00000161955,0.014327999999999999,0.0,0.0,0.0,0.0,0.0,0.014327999999999999,0.0,TNF superfamily member 13
CHRM3,ENSG00000133019,0.014327999999999999,0.0,0.0,0.0,0.0,0.0,0.014327999999999999,0.0,cholinergic receptor muscarinic 3
ODC1,ENSG00000115758,0.014327999999999999,0.0,0.0,0.0,0.0,0.0,0.014327999999999999,0.0,ornithine decarboxylase 1
GZMB,ENSG00000100453,0.014327999999999999,0.0,0.0,0.0,0.0,0.0,0.014327999999999999,0.0,granzyme B
ARSA,ENSG00000100299,0.014327999999999999,0.0,0.0,0.0,0.0,0.0,0.014327999999999999,0.0,arylsulfatase A
NCR2,ENSG00000096264,0.014327999999999999,0.0,0.0,0.0,0.0,0.0,0.014327999999999999,0.0,natural cytotoxicity triggering receptor 2
ADRB2,ENSG00000169252,0.014256,0.0,0.0,0.0,0.0,0.0,0.014256,0.0,adrenoceptor beta 2
UCHL1,ENSG00000154277,0.014256,0.0,0.0,0.0,0.0,0.0,0.014256,0.0,ubiquitin C-terminal hydrolase L1
TREM1,ENSG00000124731,0.014256,0.0,0.0,0.0,0.0,0.0,0.014256,0.0,triggering receptor expressed on myeloid cells 1
NRAP,ENSG00000197893,0.014183999999999999,0.0,0.0,0.0,0.0,0.0,0.014183999999999999,0.0,nebulin related anchoring protein
TSHR,ENSG00000165409,0.014183999999999999,0.0,0.0,0.0,0.0,0.0,0.014183999999999999,0.0,thyroid stimulating hormone receptor
SCGB1A1,ENSG00000149021,0.014183999999999999,0.0,0.0,0.0,0.0,0.0,0.014183999999999999,0.0,secretoglobin family 1A member 1
MEFV,ENSG00000103313,0.014183999999999999,0.0,0.0,0.0,0.0,0.0,0.014183999999999999,0.0,"MEFV, pyrin innate immunity regulator"
AARD,ENSG00000205002,0.014112,0.0,0.0,0.0,0.0,0.0,0.014112,0.0,alanine and arginine rich domain containing protein
ADI1,ENSG00000182551,0.014112,0.0,0.0,0.0,0.0,0.0,0.014112,0.0,acireductone dioxygenase 1
COIL,ENSG00000121058,0.014112,0.0,0.0,0.0,0.0,0.0,0.014112,0.0,coilin
AHCY,ENSG00000101444,0.014112,0.0,0.0,0.0,0.0,0.0,0.014112,0.0,adenosylhomocysteinase
HK1,ENSG00000156515,0.01404,0.0,0.0,0.0,0.0,0.0,0.01404,0.0,hexokinase 1
SERPING1,ENSG00000149131,0.01404,0.0,0.0,0.0,0.0,0.0,0.01404,0.0,serpin family G member 1
KLHL7,ENSG00000122550,0.01404,0.0,0.0,0.0,0.0,0.0,0.01404,0.0,kelch like family member 7
FGF7,ENSG00000140285,0.013968,0.0,0.0,0.0,0.0,0.0,0.013968,0.0,fibroblast growth factor 7
KLK3,ENSG00000142515,0.013824,0.0,0.0,0.0,0.0,0.0,0.013824,0.0,kallikrein related peptidase 3
CLEC4C,ENSG00000198178,0.013790000000000002,0.0,0.0,0.0,0.0,0.0,0.013790000000000002,0.0,C-type lectin domain family 4 member C
ST13,ENSG00000100380,0.0125975,0.0,0.0,0.0,0.0,0.0,0.0125975,0.0,"ST13, Hsp70 interacting protein"
TNFRSF10A,ENSG00000104689,0.011760000000000001,0.0,0.0,0.0,0.0,0.0,0.011760000000000001,0.0,TNF receptor superfamily member 10a
PLA1A,ENSG00000144837,0.011640000000000001,0.0,0.0,0.0,0.0,0.0,0.011640000000000001,0.0,phospholipase A1 member A
CETP,ENSG00000087237,0.011580000000000002,0.0,0.0,0.0,0.0,0.0,0.011580000000000002,0.0,cholesteryl ester transfer protein
GATA3,ENSG00000107485,0.008712,0.0,0.0,0.0,0.0,0.0,0.008712,0.0,GATA binding protein 3
ARID3A,ENSG00000116017,0.008400000000000001,0.0,0.0,0.0,0.0,0.0,0.008400000000000001,0.0,AT-rich interaction domain 3A
TNFRSF14,ENSG00000157873,0.008232,0.0,0.0,0.0,0.0,0.0,0.008232,0.0,TNF receptor superfamily member 14
PRDM8,ENSG00000152784,0.008232,0.0,0.0,0.0,0.0,0.0,0.008232,0.0,PR/SET domain 8
ITGA9,ENSG00000144668,0.008232,0.0,0.0,0.0,0.0,0.0,0.008232,0.0,integrin subunit alpha 9
NSF,ENSG00000073969,0.008106,0.0,0.0,0.0,0.0,0.0,0.008106,0.0,"N-ethylmaleimide sensitive factor, vesicle fusing ATPase"
DNMT1,ENSG00000130816,0.00681,0.0,0.0,0.0,0.0,0.0,0.00681,0.0,DNA methyltransferase 1
ACKR1,ENSG00000213088,0.006664,0.0,0.0,0.0,0.0,0.0,0.006664,0.0,atypical chemokine receptor 1 (Duffy blood group)
TNFSF14,ENSG00000125735,0.006664,0.0,0.0,0.0,0.0,0.0,0.006664,0.0,TNF superfamily member 14
CHDH,ENSG00000016391,0.0064600000000000005,0.0,0.0,0.0,0.0,0.0,0.0064600000000000005,0.0,choline dehydrogenase
RPP38,ENSG00000152464,0.004,0.0,0.0,0.0,0.0,0.0,0.004,0.0,ribonuclease P/MRP subunit p38
TENT4A,ENSG00000112941,0.0008214243000000001,0.0008214243000000001,0.0,0.0,0.0,0.0,0.0,0.0,terminal nucleotidyltransferase 4A
NKX2-6,ENSG00000180053,0.0006836377,0.0006836377,0.0,0.0,0.0,0.0,0.0,0.0,NK2 homeobox 6
DCC,ENSG00000187323,0.0005452809000000001,0.0005452809000000001,0.0,0.0,0.0,0.0,0.0,0.0,DCC netrin 1 receptor
OPTN,ENSG00000123240,0.0005148997,0.0005148997,0.0,0.0,0.0,0.0,0.0,0.0,optineurin
MUC22,ENSG00000261272,0.0003937209,0.0003937209,0.0,0.0,0.0,0.0,0.0,0.0,mucin 22
SALL4,ENSG00000101115,0.000363388,0.000363388,0.0,0.0,0.0,0.0,0.0,0.0,spalt like transcription factor 4
EFHD1,ENSG00000115468,0.0003625115,0.0003625115,0.0,0.0,0.0,0.0,0.0,0.0,EF-hand domain family member D1
ETS1,ENSG00000134954,0.0003403276,0.0003403276,0.0,0.0,0.0,0.0,0.0,0.0,"ETS proto-oncogene 1, transcription factor"
LRRC4C,ENSG00000148948,0.0003373009,0.0003373009,0.0,0.0,0.0,0.0,0.0,0.0,leucine rich repeat containing 4C
BIN2,ENSG00000110934,0.0003358977,0.0003358977,0.0,0.0,0.0,0.0,0.0,0.0,bridging integrator 2
IL17REL,ENSG00000188263,0.0003216195,0.0003216195,0.0,0.0,0.0,0.0,0.0,0.0,interleukin 17 receptor E like
FOXO3,ENSG00000118689,0.00030157970000000003,0.00030157970000000003,0.0,0.0,0.0,0.0,0.0,0.0,forkhead box O3
CDH13,ENSG00000140945,0.0002886327,0.0002886327,0.0,0.0,0.0,0.0,0.0,0.0,cadherin 13
ARMC2,ENSG00000118690,0.0002616784,0.0002616784,0.0,0.0,0.0,0.0,0.0,0.0,armadillo repeat containing 2
PLAG1,ENSG00000181690,0.0002455931,0.0002455931,0.0,0.0,0.0,0.0,0.0,0.0,PLAG1 zinc finger
BRSK1,ENSG00000160469,0.0002441985,0.0002441985,0.0,0.0,0.0,0.0,0.0,0.0,BR serine/threonine kinase 1
GRIN2B,ENSG00000273079,0.00023939920000000002,0.00023939920000000002,0.0,0.0,0.0,0.0,0.0,0.0,glutamate ionotropic receptor NMDA type subunit 2B
FRMD4A,ENSG00000151474,0.00023591360000000002,0.00023591360000000002,0.0,0.0,0.0,0.0,0.0,0.0,FERM domain containing 4A
KCNH8,ENSG00000183960,0.00022964790000000001,0.00022964790000000001,0.0,0.0,0.0,0.0,0.0,0.0,potassium voltage-gated channel subfamily H member 8
PANK1,ENSG00000152782,0.00022964790000000001,0.00022964790000000001,0.0,0.0,0.0,0.0,0.0,0.0,pantothenate kinase 1
DOCK7,ENSG00000116641,0.00022321652500000003,0.00022321652500000003,0.0,0.0,0.0,0.0,0.0,0.0,dedicator of cytokinesis 7
TBX5,ENSG00000089225,0.0002218593,0.0002218593,0.0,0.0,0.0,0.0,0.0,0.0,T-box 5
ATXN1,ENSG00000124788,0.0002115762,0.0002115762,0.0,0.0,0.0,0.0,0.0,0.0,ataxin 1
FHIT,ENSG00000189283,0.00018469460000000002,0.00018469460000000002,0.0,0.0,0.0,0.0,0.0,0.0,fragile histidine triad
PLA2R1,ENSG00000153246,0.0001718974,0.0001718974,0.0,0.0,0.0,0.0,0.0,0.0,phospholipase A2 receptor 1
TMEM244,ENSG00000203756,0.0001600236,0.0001600236,0.0,0.0,0.0,0.0,0.0,0.0,transmembrane protein 244
IDS,ENSG00000010404,0.0001594978,0.0001594978,0.0,0.0,0.0,0.0,0.0,0.0,iduronate 2-sulfatase
CABLES1,ENSG00000134508,0.0001580161,0.0001580161,0.0,0.0,0.0,0.0,0.0,0.0,Cdk5 and Abl enzyme substrate 1
FAM126A,ENSG00000122591,0.000153811,0.000153811,0.0,0.0,0.0,0.0,0.0,0.0,family with sequence similarity 126 member A
RYR2,ENSG00000198626,0.0001526271,0.0001526271,0.0,0.0,0.0,0.0,0.0,0.0,ryanodine receptor 2
BIN1,ENSG00000136717,0.00015070570000000002,0.00015070570000000002,0.0,0.0,0.0,0.0,0.0,0.0,bridging integrator 1
PABPC4,ENSG00000090621,0.0001483778,0.0001483778,0.0,0.0,0.0,0.0,0.0,0.0,poly(A) binding protein cytoplasmic 4
KCNQ1,ENSG00000053918,0.0001446277,0.0001446277,0.0,0.0,0.0,0.0,0.0,0.0,potassium voltage-gated channel subfamily Q member 1
BRINP1,ENSG00000078725,0.00013781630000000002,0.00013781630000000002,0.0,0.0,0.0,0.0,0.0,0.0,BMP/retinoic acid inducible neural specific 1
SLC16A9,ENSG00000165449,0.00013766090000000002,0.00013766090000000002,0.0,0.0,0.0,0.0,0.0,0.0,solute carrier family 16 member 9
HHLA1,ENSG00000132297,0.0001314741,0.0001314741,0.0,0.0,0.0,0.0,0.0,0.0,HERV-H LTR-associating 1
TMTC2,ENSG00000179104,0.0001254168,0.0001254168,0.0,0.0,0.0,0.0,0.0,0.0,transmembrane and tetratricopeptide repeat containing 2
SDHAF4,ENSG00000154079,0.0001197646,0.0001197646,0.0,0.0,0.0,0.0,0.0,0.0,succinate dehydrogenase complex assembly factor 4
PDE3A,ENSG00000172572,9.73757e-05,9.73757e-05,0.0,0.0,0.0,0.0,0.0,0.0,phosphodiesterase 3A
PRDX5,ENSG00000126432,9.57617e-05,9.57617e-05,0.0,0.0,0.0,0.0,0.0,0.0,peroxiredoxin 5
THSD4,ENSG00000187720,8.618900000000001e-05,8.618900000000001e-05,0.0,0.0,0.0,0.0,0.0,0.0,thrombospondin type 1 domain containing 4
VCAN,ENSG00000038427,8.40313e-05,8.40313e-05,0.0,0.0,0.0,0.0,0.0,0.0,versican
EPS15,ENSG00000085832,8.05286e-05,8.05286e-05,0.0,0.0,0.0,0.0,0.0,0.0,epidermal growth factor receptor pathway substrate 15
TOPBP1,ENSG00000163781,7.63674e-05,7.63674e-05,0.0,0.0,0.0,0.0,0.0,0.0,DNA topoisomerase II binding protein 1
TMEM196,ENSG00000173452,7.58122e-05,7.58122e-05,0.0,0.0,0.0,0.0,0.0,0.0,transmembrane protein 196
DNM1,ENSG00000106976,7.4762e-05,7.4762e-05,0.0,0.0,0.0,0.0,0.0,0.0,dynamin 1
CDC42BPB,ENSG00000198752,7.42117e-05,7.42117e-05,0.0,0.0,0.0,0.0,0.0,0.0,CDC42 binding protein kinase beta
IL22RA2,ENSG00000164485,5.83764e-05,5.83764e-05,0.0,0.0,0.0,0.0,0.0,0.0,interleukin 22 receptor subunit alpha 2
IL1RL1,ENSG00000115602,5.80743e-05,5.80743e-05,0.0,0.0,0.0,0.0,0.0,0.0,interleukin 1 receptor like 1
PLCL1,ENSG00000115896,5.7822900000000005e-05,5.7822900000000005e-05,0.0,0.0,0.0,0.0,0.0,0.0,phospholipase C like 1 (inactive)
GRIK5,ENSG00000105737,5.66708e-05,5.66708e-05,0.0,0.0,0.0,0.0,0.0,0.0,glutamate ionotropic receptor kainate type subunit 5
GABRR1,ENSG00000146276,5.52284e-05,5.52284e-05,0.0,0.0,0.0,0.0,0.0,0.0,gamma-aminobutyric acid type A receptor rho1 subunit
RBM38,ENSG00000132819,5.1938800000000005e-05,5.1938800000000005e-05,0.0,0.0,0.0,0.0,0.0,0.0,RNA binding motif protein 38
SCG3,ENSG00000104112,4.70415e-05,4.70415e-05,0.0,0.0,0.0,0.0,0.0,0.0,secretogranin III
CRACR2A,ENSG00000130038,4.19488e-05,4.19488e-05,0.0,0.0,0.0,0.0,0.0,0.0,calcium release activated channel regulator 2A
CEP85L,ENSG00000111860,3.8842000000000005e-05,3.8842000000000005e-05,0.0,0.0,0.0,0.0,0.0,0.0,centrosomal protein 85 like
RTEL1,ENSG00000258366,3.85704e-05,3.85704e-05,0.0,0.0,0.0,0.0,0.0,0.0,regulator of telomere elongation helicase 1
NIN,ENSG00000100503,3.80734e-05,3.80734e-05,0.0,0.0,0.0,0.0,0.0,0.0,ninein
MEIS1,ENSG00000143995,3.21257e-05,3.21257e-05,0.0,0.0,0.0,0.0,0.0,0.0,Meis homeobox 1
CPM,ENSG00000135678,2.81939e-05,2.81939e-05,0.0,0.0,0.0,0.0,0.0,0.0,carboxypeptidase M
CYP1A2,ENSG00000140505,2.81084e-05,2.81084e-05,0.0,0.0,0.0,0.0,0.0,0.0,cytochrome P450 family 1 subfamily A member 2
SOX17,ENSG00000164736,2.73835e-05,2.73835e-05,0.0,0.0,0.0,0.0,0.0,0.0,SRY-box 17
TYR,ENSG00000077498,2.2768525e-05,2.2768525e-05,0.0,0.0,0.0,0.0,0.0,0.0,tyrosinase
VWA5A,ENSG00000110002,2.18089e-05,2.18089e-05,0.0,0.0,0.0,0.0,0.0,0.0,von Willebrand factor A domain containing 5A
NUP205,ENSG00000155561,1.52402e-05,1.52402e-05,0.0,0.0,0.0,0.0,0.0,0.0,nucleoporin 205
DAPK1,ENSG00000196730,1.09495e-05,1.09495e-05,0.0,0.0,0.0,0.0,0.0,0.0,death associated protein kinase 1
BBX,ENSG00000114439,8.7066e-06,8.7066e-06,0.0,0.0,0.0,0.0,0.0,0.0,"BBX, HMG-box containing"
ZBTB12,ENSG00000204366,7.0613000000000005e-06,7.0613000000000005e-06,0.0,0.0,0.0,0.0,0.0,0.0,zinc finger and BTB domain containing 12
KCNMA1,ENSG00000156113,6.9471e-06,6.9471e-06,0.0,0.0,0.0,0.0,0.0,0.0,potassium calcium-activated channel subfamily M alpha 1
GCKR,ENSG00000084734,3.7022000000000003e-06,3.7022000000000003e-06,0.0,0.0,0.0,0.0,0.0,0.0,glucokinase regulator
